iso_code,continent,location,date,total_cases,new_cases,new_cases_smoothed,total_deaths,new_deaths,new_deaths_smoothed,total_cases_per_million,new_cases_per_million,new_cases_smoothed_per_million,total_deaths_per_million,new_deaths_per_million,new_deaths_smoothed_per_million,icu_patients,icu_patients_per_million,hosp_patients,hosp_patients_per_million,weekly_icu_admissions,weekly_icu_admissions_per_million,weekly_hosp_admissions,weekly_hosp_admissions_per_million,total_tests,new_tests,total_tests_per_thousand,new_tests_per_thousand,new_tests_smoothed,new_tests_smoothed_per_thousand,tests_per_case,positive_rate,tests_units,stringency_index,population,population_density,median_age,aged_65_older,aged_70_older,gdp_per_capita,extreme_poverty,cardiovasc_death_rate,diabetes_prevalence,female_smokers,male_smokers,handwashing_facilities,hospital_beds_per_thousand,life_expectancy,human_development_index
ECU,South America,Ecuador,2019-12-31,,0.0,,,0.0,,,0.0,,,0.0,,,,,,,,,,,,,,,,,,,,17643060.0,66.939,28.1,7.104,4.458,10581.936,3.6,140.448,5.55,2.0,12.3,80.635,1.5,77.01,0.752
ECU,South America,Ecuador,2020-01-01,,0.0,,,0.0,,,0.0,,,0.0,,,,,,,,,,,,,,,,,,,0.0,17643060.0,66.939,28.1,7.104,4.458,10581.936,3.6,140.448,5.55,2.0,12.3,80.635,1.5,77.01,0.752
ECU,South America,Ecuador,2020-01-02,,0.0,,,0.0,,,0.0,,,0.0,,,,,,,,,,,,,,,,,,,0.0,17643060.0,66.939,28.1,7.104,4.458,10581.936,3.6,140.448,5.55,2.0,12.3,80.635,1.5,77.01,0.752
ECU,South America,Ecuador,2020-01-03,,0.0,,,0.0,,,0.0,,,0.0,,,,,,,,,,,,,,,,,,,0.0,17643060.0,66.939,28.1,7.104,4.458,10581.936,3.6,140.448,5.55,2.0,12.3,80.635,1.5,77.01,0.752
ECU,South America,Ecuador,2020-01-04,,0.0,,,0.0,,,0.0,,,0.0,,,,,,,,,,,,,,,,,,,0.0,17643060.0,66.939,28.1,7.104,4.458,10581.936,3.6,140.448,5.55,2.0,12.3,80.635,1.5,77.01,0.752
ECU,South America,Ecuador,2020-01-05,,0.0,,,0.0,,,0.0,,,0.0,,,,,,,,,,,,,,,,,,,0.0,17643060.0,66.939,28.1,7.104,4.458,10581.936,3.6,140.448,5.55,2.0,12.3,80.635,1.5,77.01,0.752
ECU,South America,Ecuador,2020-01-06,,0.0,0.0,,0.0,0.0,,0.0,0.0,,0.0,0.0,,,,,,,,,,,,,,,,,,0.0,17643060.0,66.939,28.1,7.104,4.458,10581.936,3.6,140.448,5.55,2.0,12.3,80.635,1.5,77.01,0.752
ECU,South America,Ecuador,2020-01-07,,0.0,0.0,,0.0,0.0,,0.0,0.0,,0.0,0.0,,,,,,,,,,,,,,,,,,0.0,17643060.0,66.939,28.1,7.104,4.458,10581.936,3.6,140.448,5.55,2.0,12.3,80.635,1.5,77.01,0.752
ECU,South America,Ecuador,2020-01-08,,0.0,0.0,,0.0,0.0,,0.0,0.0,,0.0,0.0,,,,,,,,,,,,,,,,,,0.0,17643060.0,66.939,28.1,7.104,4.458,10581.936,3.6,140.448,5.55,2.0,12.3,80.635,1.5,77.01,0.752
ECU,South America,Ecuador,2020-01-09,,0.0,0.0,,0.0,0.0,,0.0,0.0,,0.0,0.0,,,,,,,,,,,,,,,,,,0.0,17643060.0,66.939,28.1,7.104,4.458,10581.936,3.6,140.448,5.55,2.0,12.3,80.635,1.5,77.01,0.752
ECU,South America,Ecuador,2020-01-10,,0.0,0.0,,0.0,0.0,,0.0,0.0,,0.0,0.0,,,,,,,,,,,,,,,,,,0.0,17643060.0,66.939,28.1,7.104,4.458,10581.936,3.6,140.448,5.55,2.0,12.3,80.635,1.5,77.01,0.752
ECU,South America,Ecuador,2020-01-11,,0.0,0.0,,0.0,0.0,,0.0,0.0,,0.0,0.0,,,,,,,,,,,,,,,,,,0.0,17643060.0,66.939,28.1,7.104,4.458,10581.936,3.6,140.448,5.55,2.0,12.3,80.635,1.5,77.01,0.752
ECU,South America,Ecuador,2020-01-12,,0.0,0.0,,0.0,0.0,,0.0,0.0,,0.0,0.0,,,,,,,,,,,,,,,,,,0.0,17643060.0,66.939,28.1,7.104,4.458,10581.936,3.6,140.448,5.55,2.0,12.3,80.635,1.5,77.01,0.752
ECU,South America,Ecuador,2020-01-13,,0.0,0.0,,0.0,0.0,,0.0,0.0,,0.0,0.0,,,,,,,,,,,,,,,,,,0.0,17643060.0,66.939,28.1,7.104,4.458,10581.936,3.6,140.448,5.55,2.0,12.3,80.635,1.5,77.01,0.752
ECU,South America,Ecuador,2020-01-14,,0.0,0.0,,0.0,0.0,,0.0,0.0,,0.0,0.0,,,,,,,,,,,,,,,,,,0.0,17643060.0,66.939,28.1,7.104,4.458,10581.936,3.6,140.448,5.55,2.0,12.3,80.635,1.5,77.01,0.752
ECU,South America,Ecuador,2020-01-15,,0.0,0.0,,0.0,0.0,,0.0,0.0,,0.0,0.0,,,,,,,,,,,,,,,,,,0.0,17643060.0,66.939,28.1,7.104,4.458,10581.936,3.6,140.448,5.55,2.0,12.3,80.635,1.5,77.01,0.752
ECU,South America,Ecuador,2020-01-16,,0.0,0.0,,0.0,0.0,,0.0,0.0,,0.0,0.0,,,,,,,,,,,,,,,,,,0.0,17643060.0,66.939,28.1,7.104,4.458,10581.936,3.6,140.448,5.55,2.0,12.3,80.635,1.5,77.01,0.752
ECU,South America,Ecuador,2020-01-17,,0.0,0.0,,0.0,0.0,,0.0,0.0,,0.0,0.0,,,,,,,,,,,,,,,,,,0.0,17643060.0,66.939,28.1,7.104,4.458,10581.936,3.6,140.448,5.55,2.0,12.3,80.635,1.5,77.01,0.752
ECU,South America,Ecuador,2020-01-18,,0.0,0.0,,0.0,0.0,,0.0,0.0,,0.0,0.0,,,,,,,,,,,,,,,,,,0.0,17643060.0,66.939,28.1,7.104,4.458,10581.936,3.6,140.448,5.55,2.0,12.3,80.635,1.5,77.01,0.752
ECU,South America,Ecuador,2020-01-19,,0.0,0.0,,0.0,0.0,,0.0,0.0,,0.0,0.0,,,,,,,,,,,,,,,,,,0.0,17643060.0,66.939,28.1,7.104,4.458,10581.936,3.6,140.448,5.55,2.0,12.3,80.635,1.5,77.01,0.752
ECU,South America,Ecuador,2020-01-20,,0.0,0.0,,0.0,0.0,,0.0,0.0,,0.0,0.0,,,,,,,,,,,,,,,,,,0.0,17643060.0,66.939,28.1,7.104,4.458,10581.936,3.6,140.448,5.55,2.0,12.3,80.635,1.5,77.01,0.752
ECU,South America,Ecuador,2020-01-21,,0.0,0.0,,0.0,0.0,,0.0,0.0,,0.0,0.0,,,,,,,,,,,,,,,,,,0.0,17643060.0,66.939,28.1,7.104,4.458,10581.936,3.6,140.448,5.55,2.0,12.3,80.635,1.5,77.01,0.752
ECU,South America,Ecuador,2020-01-22,,0.0,0.0,,0.0,0.0,,0.0,0.0,,0.0,0.0,,,,,,,,,,,,,,,,,,0.0,17643060.0,66.939,28.1,7.104,4.458,10581.936,3.6,140.448,5.55,2.0,12.3,80.635,1.5,77.01,0.752
ECU,South America,Ecuador,2020-01-23,,0.0,0.0,,0.0,0.0,,0.0,0.0,,0.0,0.0,,,,,,,,,,,,,,,,,,0.0,17643060.0,66.939,28.1,7.104,4.458,10581.936,3.6,140.448,5.55,2.0,12.3,80.635,1.5,77.01,0.752
ECU,South America,Ecuador,2020-01-24,,0.0,0.0,,0.0,0.0,,0.0,0.0,,0.0,0.0,,,,,,,,,,,,,,,,,,0.0,17643060.0,66.939,28.1,7.104,4.458,10581.936,3.6,140.448,5.55,2.0,12.3,80.635,1.5,77.01,0.752
ECU,South America,Ecuador,2020-01-25,,0.0,0.0,,0.0,0.0,,0.0,0.0,,0.0,0.0,,,,,,,,,,,,,,,,,,0.0,17643060.0,66.939,28.1,7.104,4.458,10581.936,3.6,140.448,5.55,2.0,12.3,80.635,1.5,77.01,0.752
ECU,South America,Ecuador,2020-01-26,,0.0,0.0,,0.0,0.0,,0.0,0.0,,0.0,0.0,,,,,,,,,,,,,,,,,,5.56,17643060.0,66.939,28.1,7.104,4.458,10581.936,3.6,140.448,5.55,2.0,12.3,80.635,1.5,77.01,0.752
ECU,South America,Ecuador,2020-01-27,,0.0,0.0,,0.0,0.0,,0.0,0.0,,0.0,0.0,,,,,,,,,,,,,,,,,,5.56,17643060.0,66.939,28.1,7.104,4.458,10581.936,3.6,140.448,5.55,2.0,12.3,80.635,1.5,77.01,0.752
ECU,South America,Ecuador,2020-01-28,,0.0,0.0,,0.0,0.0,,0.0,0.0,,0.0,0.0,,,,,,,,,,,,,,,,,,5.56,17643060.0,66.939,28.1,7.104,4.458,10581.936,3.6,140.448,5.55,2.0,12.3,80.635,1.5,77.01,0.752
ECU,South America,Ecuador,2020-01-29,,0.0,0.0,,0.0,0.0,,0.0,0.0,,0.0,0.0,,,,,,,,,,,,,,,,,,5.56,17643060.0,66.939,28.1,7.104,4.458,10581.936,3.6,140.448,5.55,2.0,12.3,80.635,1.5,77.01,0.752
ECU,South America,Ecuador,2020-01-30,,0.0,0.0,,0.0,0.0,,0.0,0.0,,0.0,0.0,,,,,,,,,,,,,,,,,,5.56,17643060.0,66.939,28.1,7.104,4.458,10581.936,3.6,140.448,5.55,2.0,12.3,80.635,1.5,77.01,0.752
ECU,South America,Ecuador,2020-01-31,,0.0,0.0,,0.0,0.0,,0.0,0.0,,0.0,0.0,,,,,,,,,,,,,,,,,,5.56,17643060.0,66.939,28.1,7.104,4.458,10581.936,3.6,140.448,5.55,2.0,12.3,80.635,1.5,77.01,0.752
ECU,South America,Ecuador,2020-02-01,,0.0,0.0,,0.0,0.0,,0.0,0.0,,0.0,0.0,,,,,,,,,,,,,,,,,,5.56,17643060.0,66.939,28.1,7.104,4.458,10581.936,3.6,140.448,5.55,2.0,12.3,80.635,1.5,77.01,0.752
ECU,South America,Ecuador,2020-02-02,,0.0,0.0,,0.0,0.0,,0.0,0.0,,0.0,0.0,,,,,,,,,,,,,,,,,,5.56,17643060.0,66.939,28.1,7.104,4.458,10581.936,3.6,140.448,5.55,2.0,12.3,80.635,1.5,77.01,0.752
ECU,South America,Ecuador,2020-02-03,,0.0,0.0,,0.0,0.0,,0.0,0.0,,0.0,0.0,,,,,,,,,,,,,,,,,,5.56,17643060.0,66.939,28.1,7.104,4.458,10581.936,3.6,140.448,5.55,2.0,12.3,80.635,1.5,77.01,0.752
ECU,South America,Ecuador,2020-02-04,,0.0,0.0,,0.0,0.0,,0.0,0.0,,0.0,0.0,,,,,,,,,,,,,,,,,,5.56,17643060.0,66.939,28.1,7.104,4.458,10581.936,3.6,140.448,5.55,2.0,12.3,80.635,1.5,77.01,0.752
ECU,South America,Ecuador,2020-02-05,,0.0,0.0,,0.0,0.0,,0.0,0.0,,0.0,0.0,,,,,,,,,,,,,,,,,,5.56,17643060.0,66.939,28.1,7.104,4.458,10581.936,3.6,140.448,5.55,2.0,12.3,80.635,1.5,77.01,0.752
ECU,South America,Ecuador,2020-02-06,,0.0,0.0,,0.0,0.0,,0.0,0.0,,0.0,0.0,,,,,,,,,,,,,,,,,,5.56,17643060.0,66.939,28.1,7.104,4.458,10581.936,3.6,140.448,5.55,2.0,12.3,80.635,1.5,77.01,0.752
ECU,South America,Ecuador,2020-02-07,,0.0,0.0,,0.0,0.0,,0.0,0.0,,0.0,0.0,,,,,,,,,,,,,,,,,,5.56,17643060.0,66.939,28.1,7.104,4.458,10581.936,3.6,140.448,5.55,2.0,12.3,80.635,1.5,77.01,0.752
ECU,South America,Ecuador,2020-02-08,,0.0,0.0,,0.0,0.0,,0.0,0.0,,0.0,0.0,,,,,,,,,,,,,,,,,,5.56,17643060.0,66.939,28.1,7.104,4.458,10581.936,3.6,140.448,5.55,2.0,12.3,80.635,1.5,77.01,0.752
ECU,South America,Ecuador,2020-02-09,,0.0,0.0,,0.0,0.0,,0.0,0.0,,0.0,0.0,,,,,,,,,,,,,,,,,,5.56,17643060.0,66.939,28.1,7.104,4.458,10581.936,3.6,140.448,5.55,2.0,12.3,80.635,1.5,77.01,0.752
ECU,South America,Ecuador,2020-02-10,,0.0,0.0,,0.0,0.0,,0.0,0.0,,0.0,0.0,,,,,,,,,,,,,,,,,,5.56,17643060.0,66.939,28.1,7.104,4.458,10581.936,3.6,140.448,5.55,2.0,12.3,80.635,1.5,77.01,0.752
ECU,South America,Ecuador,2020-02-11,,0.0,0.0,,0.0,0.0,,0.0,0.0,,0.0,0.0,,,,,,,,,,,,,,,,,,5.56,17643060.0,66.939,28.1,7.104,4.458,10581.936,3.6,140.448,5.55,2.0,12.3,80.635,1.5,77.01,0.752
ECU,South America,Ecuador,2020-02-12,,0.0,0.0,,0.0,0.0,,0.0,0.0,,0.0,0.0,,,,,,,,,,,,,,,,,,5.56,17643060.0,66.939,28.1,7.104,4.458,10581.936,3.6,140.448,5.55,2.0,12.3,80.635,1.5,77.01,0.752
ECU,South America,Ecuador,2020-02-13,,0.0,0.0,,0.0,0.0,,0.0,0.0,,0.0,0.0,,,,,,,,,,,,,,,,,,5.56,17643060.0,66.939,28.1,7.104,4.458,10581.936,3.6,140.448,5.55,2.0,12.3,80.635,1.5,77.01,0.752
ECU,South America,Ecuador,2020-02-14,,0.0,0.0,,0.0,0.0,,0.0,0.0,,0.0,0.0,,,,,,,,,,,,,,,,,,5.56,17643060.0,66.939,28.1,7.104,4.458,10581.936,3.6,140.448,5.55,2.0,12.3,80.635,1.5,77.01,0.752
ECU,South America,Ecuador,2020-02-15,,0.0,0.0,,0.0,0.0,,0.0,0.0,,0.0,0.0,,,,,,,,,,,,,,,,,,5.56,17643060.0,66.939,28.1,7.104,4.458,10581.936,3.6,140.448,5.55,2.0,12.3,80.635,1.5,77.01,0.752
ECU,South America,Ecuador,2020-02-16,,0.0,0.0,,0.0,0.0,,0.0,0.0,,0.0,0.0,,,,,,,,,,,,,,,,,,5.56,17643060.0,66.939,28.1,7.104,4.458,10581.936,3.6,140.448,5.55,2.0,12.3,80.635,1.5,77.01,0.752
ECU,South America,Ecuador,2020-02-17,,0.0,0.0,,0.0,0.0,,0.0,0.0,,0.0,0.0,,,,,,,,,,,,,,,,,,5.56,17643060.0,66.939,28.1,7.104,4.458,10581.936,3.6,140.448,5.55,2.0,12.3,80.635,1.5,77.01,0.752
ECU,South America,Ecuador,2020-02-18,,0.0,0.0,,0.0,0.0,,0.0,0.0,,0.0,0.0,,,,,,,,,,,,,,,,,,5.56,17643060.0,66.939,28.1,7.104,4.458,10581.936,3.6,140.448,5.55,2.0,12.3,80.635,1.5,77.01,0.752
ECU,South America,Ecuador,2020-02-19,,0.0,0.0,,0.0,0.0,,0.0,0.0,,0.0,0.0,,,,,,,,,,,,,,,,,,5.56,17643060.0,66.939,28.1,7.104,4.458,10581.936,3.6,140.448,5.55,2.0,12.3,80.635,1.5,77.01,0.752
ECU,South America,Ecuador,2020-02-20,,0.0,0.0,,0.0,0.0,,0.0,0.0,,0.0,0.0,,,,,,,,,,,,,,,,,,5.56,17643060.0,66.939,28.1,7.104,4.458,10581.936,3.6,140.448,5.55,2.0,12.3,80.635,1.5,77.01,0.752
ECU,South America,Ecuador,2020-02-21,,0.0,0.0,,0.0,0.0,,0.0,0.0,,0.0,0.0,,,,,,,,,,,,,,,,,,5.56,17643060.0,66.939,28.1,7.104,4.458,10581.936,3.6,140.448,5.55,2.0,12.3,80.635,1.5,77.01,0.752
ECU,South America,Ecuador,2020-02-22,,0.0,0.0,,0.0,0.0,,0.0,0.0,,0.0,0.0,,,,,,,,,,,,,,,,,,5.56,17643060.0,66.939,28.1,7.104,4.458,10581.936,3.6,140.448,5.55,2.0,12.3,80.635,1.5,77.01,0.752
ECU,South America,Ecuador,2020-02-23,,0.0,0.0,,0.0,0.0,,0.0,0.0,,0.0,0.0,,,,,,,,,,,,,,,,,,5.56,17643060.0,66.939,28.1,7.104,4.458,10581.936,3.6,140.448,5.55,2.0,12.3,80.635,1.5,77.01,0.752
ECU,South America,Ecuador,2020-02-24,,0.0,0.0,,0.0,0.0,,0.0,0.0,,0.0,0.0,,,,,,,,,,,,,,,,,,5.56,17643060.0,66.939,28.1,7.104,4.458,10581.936,3.6,140.448,5.55,2.0,12.3,80.635,1.5,77.01,0.752
ECU,South America,Ecuador,2020-02-25,,0.0,0.0,,0.0,0.0,,0.0,0.0,,0.0,0.0,,,,,,,,,,,,,,,,,,5.56,17643060.0,66.939,28.1,7.104,4.458,10581.936,3.6,140.448,5.55,2.0,12.3,80.635,1.5,77.01,0.752
ECU,South America,Ecuador,2020-02-26,,0.0,0.0,,0.0,0.0,,0.0,0.0,,0.0,0.0,,,,,,,,,,,,,,,,,,5.56,17643060.0,66.939,28.1,7.104,4.458,10581.936,3.6,140.448,5.55,2.0,12.3,80.635,1.5,77.01,0.752
ECU,South America,Ecuador,2020-02-27,,0.0,0.0,,0.0,0.0,,0.0,0.0,,0.0,0.0,,,,,,,,,,,,,,,,,,5.56,17643060.0,66.939,28.1,7.104,4.458,10581.936,3.6,140.448,5.55,2.0,12.3,80.635,1.5,77.01,0.752
ECU,South America,Ecuador,2020-02-28,,0.0,0.0,,0.0,0.0,,0.0,0.0,,0.0,0.0,,,,,,,,,,,,,,,,,,5.56,17643060.0,66.939,28.1,7.104,4.458,10581.936,3.6,140.448,5.55,2.0,12.3,80.635,1.5,77.01,0.752
ECU,South America,Ecuador,2020-02-29,,0.0,0.0,,0.0,0.0,,0.0,0.0,,0.0,0.0,,,,,,,,,,,,,,,,,,5.56,17643060.0,66.939,28.1,7.104,4.458,10581.936,3.6,140.448,5.55,2.0,12.3,80.635,1.5,77.01,0.752
ECU,South America,Ecuador,2020-03-01,1.0,1.0,0.143,,0.0,0.0,0.057,0.057,0.008,,0.0,0.0,,,,,,,,,,,,,,,,,,5.56,17643060.0,66.939,28.1,7.104,4.458,10581.936,3.6,140.448,5.55,2.0,12.3,80.635,1.5,77.01,0.752
ECU,South America,Ecuador,2020-03-02,6.0,5.0,0.857,,0.0,0.0,0.34,0.283,0.049,,0.0,0.0,,,,,,,,,,,,,,,,,,8.33,17643060.0,66.939,28.1,7.104,4.458,10581.936,3.6,140.448,5.55,2.0,12.3,80.635,1.5,77.01,0.752
ECU,South America,Ecuador,2020-03-03,7.0,1.0,1.0,,0.0,0.0,0.397,0.057,0.057,,0.0,0.0,,,,,,,,,,,,,,,,,,8.33,17643060.0,66.939,28.1,7.104,4.458,10581.936,3.6,140.448,5.55,2.0,12.3,80.635,1.5,77.01,0.752
ECU,South America,Ecuador,2020-03-04,,,1.0,,,0.0,,,0.057,,,0.0,,,,,,,,,,,,,,,,,,8.33,17643060.0,66.939,28.1,7.104,4.458,10581.936,3.6,140.448,5.55,2.0,12.3,80.635,1.5,77.01,0.752
ECU,South America,Ecuador,2020-03-05,10.0,3.0,1.429,,0.0,0.0,0.567,0.17,0.081,,0.0,0.0,,,,,,,,,,,,,,,,,,8.33,17643060.0,66.939,28.1,7.104,4.458,10581.936,3.6,140.448,5.55,2.0,12.3,80.635,1.5,77.01,0.752
ECU,South America,Ecuador,2020-03-06,13.0,3.0,1.857,,0.0,0.0,0.737,0.17,0.105,,0.0,0.0,,,,,,,,,,,,,,,,,,8.33,17643060.0,66.939,28.1,7.104,4.458,10581.936,3.6,140.448,5.55,2.0,12.3,80.635,1.5,77.01,0.752
ECU,South America,Ecuador,2020-03-07,,,1.857,,,0.0,,,0.105,,,0.0,,,,,,,,,,,,,,,,,,8.33,17643060.0,66.939,28.1,7.104,4.458,10581.936,3.6,140.448,5.55,2.0,12.3,80.635,1.5,77.01,0.752
ECU,South America,Ecuador,2020-03-08,,,1.714,,,0.0,,,0.097,,,0.0,,,,,,,,,,,,,,,,,,8.33,17643060.0,66.939,28.1,7.104,4.458,10581.936,3.6,140.448,5.55,2.0,12.3,80.635,1.5,77.01,0.752
ECU,South America,Ecuador,2020-03-09,14.0,1.0,1.143,,0.0,0.0,0.794,0.057,0.065,,0.0,0.0,,,,,,,,,,,,,,,,,,8.33,17643060.0,66.939,28.1,7.104,4.458,10581.936,3.6,140.448,5.55,2.0,12.3,80.635,1.5,77.01,0.752
ECU,South America,Ecuador,2020-03-10,15.0,1.0,1.143,,0.0,0.0,0.85,0.057,0.065,,0.0,0.0,,,,,,,,,,,,,,,,,,8.33,17643060.0,66.939,28.1,7.104,4.458,10581.936,3.6,140.448,5.55,2.0,12.3,80.635,1.5,77.01,0.752
ECU,South America,Ecuador,2020-03-11,17.0,2.0,1.429,,0.0,0.0,0.964,0.113,0.081,,0.0,0.0,,,,,,,,,,,,,,,,,,8.33,17643060.0,66.939,28.1,7.104,4.458,10581.936,3.6,140.448,5.55,2.0,12.3,80.635,1.5,77.01,0.752
ECU,South America,Ecuador,2020-03-12,,,1.0,,,0.0,,,0.057,,,0.0,,,,,,,,,,,,,,,,,,8.33,17643060.0,66.939,28.1,7.104,4.458,10581.936,3.6,140.448,5.55,2.0,12.3,80.635,1.5,77.01,0.752
ECU,South America,Ecuador,2020-03-13,,,0.571,,,0.0,,,0.032,,,0.0,,,,,,,,,,,,,,,,,,36.11,17643060.0,66.939,28.1,7.104,4.458,10581.936,3.6,140.448,5.55,2.0,12.3,80.635,1.5,77.01,0.752
ECU,South America,Ecuador,2020-03-14,23.0,6.0,1.429,1.0,1.0,0.143,1.304,0.34,0.081,0.057,0.057,0.008,,,,,,,,,,,,,,,,,,36.11,17643060.0,66.939,28.1,7.104,4.458,10581.936,3.6,140.448,5.55,2.0,12.3,80.635,1.5,77.01,0.752
ECU,South America,Ecuador,2020-03-15,28.0,5.0,2.143,2.0,1.0,0.286,1.587,0.283,0.121,0.113,0.057,0.016,,,,,,,,,,,,,,,,,,55.56,17643060.0,66.939,28.1,7.104,4.458,10581.936,3.6,140.448,5.55,2.0,12.3,80.635,1.5,77.01,0.752
ECU,South America,Ecuador,2020-03-16,37.0,9.0,3.286,2.0,0.0,0.286,2.097,0.51,0.186,0.113,0.0,0.016,,,,,,,,,,,,,,,,,,55.56,17643060.0,66.939,28.1,7.104,4.458,10581.936,3.6,140.448,5.55,2.0,12.3,80.635,1.5,77.01,0.752
ECU,South America,Ecuador,2020-03-17,58.0,21.0,6.143,2.0,0.0,0.286,3.287,1.19,0.348,0.113,0.0,0.016,,,,,,,,,,,,,,,,,,93.52,17643060.0,66.939,28.1,7.104,4.458,10581.936,3.6,140.448,5.55,2.0,12.3,80.635,1.5,77.01,0.752
ECU,South America,Ecuador,2020-03-18,111.0,53.0,13.429,2.0,0.0,0.286,6.291,3.004,0.761,0.113,0.0,0.016,,,,,,,,,480.0,,0.027,,,,,,people tested,93.52,17643060.0,66.939,28.1,7.104,4.458,10581.936,3.6,140.448,5.55,2.0,12.3,80.635,1.5,77.01,0.752
ECU,South America,Ecuador,2020-03-19,168.0,57.0,21.571,3.0,1.0,0.429,9.522,3.231,1.223,0.17,0.057,0.024,,,,,,,,,672.0,192.0,0.038,0.011,,,,,people tested,93.52,17643060.0,66.939,28.1,7.104,4.458,10581.936,3.6,140.448,5.55,2.0,12.3,80.635,1.5,77.01,0.752
ECU,South America,Ecuador,2020-03-20,199.0,31.0,26.0,3.0,0.0,0.429,11.279,1.757,1.474,0.17,0.0,0.024,,,,,,,,,959.0,287.0,0.054,0.016,,,,,people tested,93.52,17643060.0,66.939,28.1,7.104,4.458,10581.936,3.6,140.448,5.55,2.0,12.3,80.635,1.5,77.01,0.752
ECU,South America,Ecuador,2020-03-21,426.0,227.0,57.571,7.0,4.0,0.857,24.145,12.866,3.263,0.397,0.227,0.049,,,,,,,,,1181.0,222.0,0.067,0.013,,,,,people tested,93.52,17643060.0,66.939,28.1,7.104,4.458,10581.936,3.6,140.448,5.55,2.0,12.3,80.635,1.5,77.01,0.752
ECU,South America,Ecuador,2020-03-22,532.0,106.0,72.0,7.0,0.0,0.714,30.153,6.008,4.081,0.397,0.0,0.04,,,,,,,,,1661.0,480.0,0.094,0.027,,,,,people tested,93.52,17643060.0,66.939,28.1,7.104,4.458,10581.936,3.6,140.448,5.55,2.0,12.3,80.635,1.5,77.01,0.752
ECU,South America,Ecuador,2020-03-23,789.0,257.0,107.429,14.0,7.0,1.714,44.72,14.567,6.089,0.794,0.397,0.097,,,,,,,,,2072.0,411.0,0.117,0.023,,,,,people tested,93.52,17643060.0,66.939,28.1,7.104,4.458,10581.936,3.6,140.448,5.55,2.0,12.3,80.635,1.5,77.01,0.752
ECU,South America,Ecuador,2020-03-24,981.0,192.0,131.857,18.0,4.0,2.286,55.603,10.882,7.474,1.02,0.227,0.13,,,,,,,,,2307.0,235.0,0.131,0.013,,,,,people tested,93.52,17643060.0,66.939,28.1,7.104,4.458,10581.936,3.6,140.448,5.55,2.0,12.3,80.635,1.5,77.01,0.752
ECU,South America,Ecuador,2020-03-25,1082.0,101.0,138.714,27.0,9.0,3.571,61.327,5.725,7.862,1.53,0.51,0.202,,,,,,,,,2598.0,291.0,0.147,0.016,303.0,0.017,,,people tested,93.52,17643060.0,66.939,28.1,7.104,4.458,10581.936,3.6,140.448,5.55,2.0,12.3,80.635,1.5,77.01,0.752
ECU,South America,Ecuador,2020-03-26,1211.0,129.0,149.0,29.0,2.0,3.714,68.639,7.312,8.445,1.644,0.113,0.211,,,,,,,,,3125.0,527.0,0.177,0.03,350.0,0.02,,,people tested,93.52,17643060.0,66.939,28.1,7.104,4.458,10581.936,3.6,140.448,5.55,2.0,12.3,80.635,1.5,77.01,0.752
ECU,South America,Ecuador,2020-03-27,1403.0,192.0,172.0,34.0,5.0,4.429,79.521,10.882,9.749,1.927,0.283,0.251,,,,,,,,,3568.0,443.0,0.202,0.025,373.0,0.021,,,people tested,93.52,17643060.0,66.939,28.1,7.104,4.458,10581.936,3.6,140.448,5.55,2.0,12.3,80.635,1.5,77.01,0.752
ECU,South America,Ecuador,2020-03-28,1627.0,224.0,171.571,41.0,7.0,4.857,92.218,12.696,9.725,2.324,0.397,0.275,,,,,,,,,3935.0,367.0,0.223,0.021,393.0,0.022,,,people tested,93.52,17643060.0,66.939,28.1,7.104,4.458,10581.936,3.6,140.448,5.55,2.0,12.3,80.635,1.5,77.01,0.752
ECU,South America,Ecuador,2020-03-29,1835.0,208.0,186.143,48.0,7.0,5.857,104.007,11.789,10.55,2.721,0.397,0.332,,,,,,,,,4123.0,188.0,0.234,0.011,352.0,0.02,,,people tested,93.52,17643060.0,66.939,28.1,7.104,4.458,10581.936,3.6,140.448,5.55,2.0,12.3,80.635,1.5,77.01,0.752
ECU,South America,Ecuador,2020-03-30,1890.0,55.0,157.286,58.0,10.0,6.286,107.124,3.117,8.915,3.287,0.567,0.356,,,,,,,,,4219.0,96.0,0.239,0.005,307.0,0.017,,,people tested,93.52,17643060.0,66.939,28.1,7.104,4.458,10581.936,3.6,140.448,5.55,2.0,12.3,80.635,1.5,77.01,0.752
ECU,South America,Ecuador,2020-03-31,1966.0,76.0,140.714,62.0,4.0,6.286,111.432,4.308,7.976,3.514,0.227,0.356,,,,,,,,,4828.0,609.0,0.274,0.035,360.0,0.02,,,people tested,93.52,17643060.0,66.939,28.1,7.104,4.458,10581.936,3.6,140.448,5.55,2.0,12.3,80.635,1.5,77.01,0.752
ECU,South America,Ecuador,2020-04-01,2302.0,336.0,174.286,79.0,17.0,7.429,130.476,19.044,9.878,4.478,0.964,0.421,,,,,,,,,5591.0,763.0,0.317,0.043,428.0,0.024,,,people tested,93.52,17643060.0,66.939,28.1,7.104,4.458,10581.936,3.6,140.448,5.55,2.0,12.3,80.635,1.5,77.01,0.752
ECU,South America,Ecuador,2020-04-02,2758.0,456.0,221.0,120.0,41.0,13.0,156.322,25.846,12.526,6.802,2.324,0.737,,,,,,,,,6302.0,711.0,0.357,0.04,454.0,0.026,,,people tested,93.52,17643060.0,66.939,28.1,7.104,4.458,10581.936,3.6,140.448,5.55,2.0,12.3,80.635,1.5,77.01,0.752
ECU,South America,Ecuador,2020-04-03,3163.0,405.0,251.429,120.0,0.0,12.286,179.277,22.955,14.251,6.802,0.0,0.696,,,,,,,,,6656.0,354.0,0.377,0.02,441.0,0.025,,,people tested,93.52,17643060.0,66.939,28.1,7.104,4.458,10581.936,3.6,140.448,5.55,2.0,12.3,80.635,1.5,77.01,0.752
ECU,South America,Ecuador,2020-04-04,3368.0,205.0,248.714,145.0,25.0,14.857,190.897,11.619,14.097,8.219,1.417,0.842,,,,,,,,,6834.0,178.0,0.387,0.01,414.0,0.023,,,people tested,93.52,17643060.0,66.939,28.1,7.104,4.458,10581.936,3.6,140.448,5.55,2.0,12.3,80.635,1.5,77.01,0.752
ECU,South America,Ecuador,2020-04-05,3465.0,97.0,232.857,172.0,27.0,17.714,196.395,5.498,13.198,9.749,1.53,1.004,,,,,,,,,7249.0,415.0,0.411,0.024,447.0,0.025,,,people tested,93.52,17643060.0,66.939,28.1,7.104,4.458,10581.936,3.6,140.448,5.55,2.0,12.3,80.635,1.5,77.01,0.752
ECU,South America,Ecuador,2020-04-06,3646.0,181.0,250.857,180.0,8.0,17.429,206.653,10.259,14.218,10.202,0.453,0.988,,,,,,,,,7590.0,341.0,0.43,0.019,482.0,0.027,,,people tested,93.52,17643060.0,66.939,28.1,7.104,4.458,10581.936,3.6,140.448,5.55,2.0,12.3,80.635,1.5,77.01,0.752
ECU,South America,Ecuador,2020-04-07,3747.0,101.0,254.429,191.0,11.0,18.429,212.378,5.725,14.421,10.826,0.623,1.045,,,,,,,,,7951.0,361.0,0.451,0.02,446.0,0.025,,,people tested,93.52,17643060.0,66.939,28.1,7.104,4.458,10581.936,3.6,140.448,5.55,2.0,12.3,80.635,1.5,77.01,0.752
ECU,South America,Ecuador,2020-04-08,3995.0,248.0,241.857,220.0,29.0,20.143,226.435,14.057,13.708,12.469,1.644,1.142,,,,,,,,,8658.0,707.0,0.491,0.04,438.0,0.025,,,people tested,93.52,17643060.0,66.939,28.1,7.104,4.458,10581.936,3.6,140.448,5.55,2.0,12.3,80.635,1.5,77.01,0.752
ECU,South America,Ecuador,2020-04-09,4450.0,455.0,241.714,242.0,22.0,17.429,252.224,25.789,13.7,13.716,1.247,0.988,,,,,,,,,9639.0,981.0,0.546,0.056,477.0,0.027,,,people tested,93.52,17643060.0,66.939,28.1,7.104,4.458,10581.936,3.6,140.448,5.55,2.0,12.3,80.635,1.5,77.01,0.752
ECU,South America,Ecuador,2020-04-10,4965.0,515.0,257.429,272.0,30.0,21.714,281.414,29.19,14.591,15.417,1.7,1.231,,,,,,,,,13657.0,4018.0,0.774,0.228,1000.0,0.057,,,people tested,93.52,17643060.0,66.939,28.1,7.104,4.458,10581.936,3.6,140.448,5.55,2.0,12.3,80.635,1.5,77.01,0.752
ECU,South America,Ecuador,2020-04-11,7161.0,2196.0,541.857,297.0,25.0,21.714,405.882,124.468,30.712,16.834,1.417,1.231,,,,,,,,,14201.0,544.0,0.805,0.031,1052.0,0.06,,,people tested,93.52,17643060.0,66.939,28.1,7.104,4.458,10581.936,3.6,140.448,5.55,2.0,12.3,80.635,1.5,77.01,0.752
ECU,South America,Ecuador,2020-04-12,7257.0,96.0,541.714,315.0,18.0,20.429,411.323,5.441,30.704,17.854,1.02,1.158,,,,,,,,,14584.0,383.0,0.827,0.022,1048.0,0.059,,,people tested,93.52,17643060.0,66.939,28.1,7.104,4.458,10581.936,3.6,140.448,5.55,2.0,12.3,80.635,1.5,77.01,0.752
ECU,South America,Ecuador,2020-04-13,7466.0,209.0,545.714,333.0,18.0,21.857,423.169,11.846,30.931,18.874,1.02,1.239,,,,,,,,,14826.0,242.0,0.84,0.014,1034.0,0.059,,,people tested,93.52,17643060.0,66.939,28.1,7.104,4.458,10581.936,3.6,140.448,5.55,2.0,12.3,80.635,1.5,77.01,0.752
ECU,South America,Ecuador,2020-04-14,7529.0,63.0,540.286,355.0,22.0,23.429,426.74,3.571,30.623,20.121,1.247,1.328,,,,,,,,,15098.0,272.0,0.856,0.015,1021.0,0.058,,,people tested,93.52,17643060.0,66.939,28.1,7.104,4.458,10581.936,3.6,140.448,5.55,2.0,12.3,80.635,1.5,77.01,0.752
ECU,South America,Ecuador,2020-04-15,7603.0,74.0,515.429,355.0,0.0,19.286,430.934,4.194,29.214,20.121,0.0,1.093,,,,,,,,,15614.0,516.0,0.885,0.029,994.0,0.056,,,people tested,93.52,17643060.0,66.939,28.1,7.104,4.458,10581.936,3.6,140.448,5.55,2.0,12.3,80.635,1.5,77.01,0.752
ECU,South America,Ecuador,2020-04-16,7858.0,255.0,486.857,388.0,33.0,20.857,445.388,14.453,27.595,21.992,1.87,1.182,,,,,,,,,16137.0,523.0,0.915,0.03,928.0,0.053,,,people tested,93.52,17643060.0,66.939,28.1,7.104,4.458,10581.936,3.6,140.448,5.55,2.0,12.3,80.635,1.5,77.01,0.752
ECU,South America,Ecuador,2020-04-17,8225.0,367.0,465.714,403.0,15.0,18.714,466.189,20.801,26.396,22.842,0.85,1.061,,,,,,,,,16525.0,388.0,0.937,0.022,410.0,0.023,,,people tested,93.52,17643060.0,66.939,28.1,7.104,4.458,10581.936,3.6,140.448,5.55,2.0,12.3,80.635,1.5,77.01,0.752
ECU,South America,Ecuador,2020-04-18,8450.0,225.0,184.143,421.0,18.0,17.714,478.942,12.753,10.437,23.862,1.02,1.004,,,,,,,,,17513.0,988.0,0.993,0.056,473.0,0.027,,,people tested,93.52,17643060.0,66.939,28.1,7.104,4.458,10581.936,3.6,140.448,5.55,2.0,12.3,80.635,1.5,77.01,0.752
ECU,South America,Ecuador,2020-04-19,9022.0,572.0,252.143,456.0,35.0,20.143,511.363,32.421,14.291,25.846,1.984,1.142,,,,,,,,,18433.0,920.0,1.045,0.052,550.0,0.031,,,people tested,93.52,17643060.0,66.939,28.1,7.104,4.458,10581.936,3.6,140.448,5.55,2.0,12.3,80.635,1.5,77.01,0.752
ECU,South America,Ecuador,2020-04-20,9468.0,446.0,286.0,474.0,18.0,20.143,536.642,25.279,16.21,26.866,1.02,1.142,,,,,,,,,19860.0,1427.0,1.126,0.081,719.0,0.041,,,people tested,93.52,17643060.0,66.939,28.1,7.104,4.458,10581.936,3.6,140.448,5.55,2.0,12.3,80.635,1.5,77.01,0.752
ECU,South America,Ecuador,2020-04-21,10128.0,660.0,371.286,507.0,33.0,21.714,574.05,37.408,21.044,28.737,1.87,1.231,,,,,,,,,20480.0,620.0,1.161,0.035,769.0,0.044,,,people tested,93.52,17643060.0,66.939,28.1,7.104,4.458,10581.936,3.6,140.448,5.55,2.0,12.3,80.635,1.5,77.01,0.752
ECU,South America,Ecuador,2020-04-22,10398.0,270.0,399.286,520.0,13.0,23.571,589.354,15.303,22.631,29.473,0.737,1.336,,,,,,,,,21607.0,1127.0,1.225,0.064,856.0,0.049,,,people tested,93.52,17643060.0,66.939,28.1,7.104,4.458,10581.936,3.6,140.448,5.55,2.0,12.3,80.635,1.5,77.01,0.752
ECU,South America,Ecuador,2020-04-23,10850.0,452.0,427.429,537.0,17.0,21.286,614.973,25.619,24.226,30.437,0.964,1.206,,,,,,,,,23383.0,1776.0,1.325,0.101,1035.0,0.059,,,people tested,93.52,17643060.0,66.939,28.1,7.104,4.458,10581.936,3.6,140.448,5.55,2.0,12.3,80.635,1.5,77.01,0.752
ECU,South America,Ecuador,2020-04-24,11183.0,333.0,422.571,560.0,23.0,22.429,633.847,18.874,23.951,31.741,1.304,1.271,,,,,,,,,,,,,1257.0,0.071,,,people tested,93.52,17643060.0,66.939,28.1,7.104,4.458,10581.936,3.6,140.448,5.55,2.0,12.3,80.635,1.5,77.01,0.752
ECU,South America,Ecuador,2020-04-25,11183.0,0.0,390.429,576.0,16.0,22.143,633.847,0.0,22.129,32.647,0.907,1.255,,,,,,,,,,,,,1392.0,0.079,,,people tested,93.52,17643060.0,66.939,28.1,7.104,4.458,10581.936,3.6,140.448,5.55,2.0,12.3,80.635,1.5,77.01,0.752
ECU,South America,Ecuador,2020-04-26,11183.0,0.0,308.714,576.0,0.0,17.143,633.847,0.0,17.498,32.647,0.0,0.972,,,,,,,,,,,,,1538.0,0.087,,,people tested,93.52,17643060.0,66.939,28.1,7.104,4.458,10581.936,3.6,140.448,5.55,2.0,12.3,80.635,1.5,77.01,0.752
ECU,South America,Ecuador,2020-04-27,22719.0,11536.0,1893.0,576.0,0.0,14.571,1287.702,653.855,107.294,32.647,0.0,0.826,,,,,,,,,31134.0,,1.765,,1611.0,0.091,,,people tested,93.52,17643060.0,66.939,28.1,7.104,4.458,10581.936,3.6,140.448,5.55,2.0,12.3,80.635,1.5,77.01,0.752
ECU,South America,Ecuador,2020-04-28,23240.0,521.0,1873.143,663.0,87.0,22.286,1317.232,29.53,106.169,37.579,4.931,1.263,,,,,,,,,32460.0,1326.0,1.84,0.075,1711.0,0.097,,,people tested,93.52,17643060.0,66.939,28.1,7.104,4.458,10581.936,3.6,140.448,5.55,2.0,12.3,80.635,1.5,77.01,0.752
ECU,South America,Ecuador,2020-04-29,24258.0,1018.0,1980.0,871.0,208.0,50.143,1374.932,57.7,112.225,49.368,11.789,2.842,,,,,,,,,33684.0,1224.0,1.909,0.069,1725.0,0.098,,,people tested,93.52,17643060.0,66.939,28.1,7.104,4.458,10581.936,3.6,140.448,5.55,2.0,12.3,80.635,1.5,77.01,0.752
ECU,South America,Ecuador,2020-04-30,24675.0,417.0,1975.0,883.0,12.0,49.429,1398.567,23.635,111.942,50.048,0.68,2.802,,,,,,,,,34347.0,663.0,1.947,0.038,1566.0,0.089,,,people tested,93.52,17643060.0,66.939,28.1,7.104,4.458,10581.936,3.6,140.448,5.55,2.0,12.3,80.635,1.5,77.01,0.752
ECU,South America,Ecuador,2020-05-01,24934.0,259.0,1964.429,900.0,17.0,48.571,1413.247,14.68,111.343,51.012,0.964,2.753,,,,,,,,,37061.0,2714.0,2.101,0.154,1677.0,0.095,,,people tested,93.52,17643060.0,66.939,28.1,7.104,4.458,10581.936,3.6,140.448,5.55,2.0,12.3,80.635,1.5,77.01,0.752
ECU,South America,Ecuador,2020-05-02,26336.0,1402.0,2164.714,1063.0,163.0,69.571,1492.712,79.465,122.695,60.25,9.239,3.943,,,,,,,,,38924.0,1863.0,2.206,0.106,1666.0,0.094,,,people tested,93.52,17643060.0,66.939,28.1,7.104,4.458,10581.936,3.6,140.448,5.55,2.0,12.3,80.635,1.5,77.01,0.752
ECU,South America,Ecuador,2020-05-03,27464.0,1128.0,2325.857,1371.0,308.0,113.571,1556.646,63.934,131.828,77.708,17.457,6.437,,,,,,,,,43727.0,4803.0,2.478,0.272,2076.0,0.118,,,people tested,93.52,17643060.0,66.939,28.1,7.104,4.458,10581.936,3.6,140.448,5.55,2.0,12.3,80.635,1.5,77.01,0.752
ECU,South America,Ecuador,2020-05-04,29538.0,2074.0,974.143,1564.0,193.0,141.143,1674.199,117.553,55.214,88.647,10.939,8.0,,,,,,,,,46260.0,2533.0,2.622,0.144,2161.0,0.122,,,people tested,86.11,17643060.0,66.939,28.1,7.104,4.458,10581.936,3.6,140.448,5.55,2.0,12.3,80.635,1.5,77.01,0.752
ECU,South America,Ecuador,2020-05-05,31881.0,2343.0,1234.429,1569.0,5.0,129.429,1806.999,132.8,69.967,88.93,0.283,7.336,,,,,,,,,,,,,1729.0,0.098,,,people tested,86.11,17643060.0,66.939,28.1,7.104,4.458,10581.936,3.6,140.448,5.55,2.0,12.3,80.635,1.5,77.01,0.752
ECU,South America,Ecuador,2020-05-06,31881.0,0.0,1089.0,1569.0,0.0,99.714,1806.999,0.0,61.724,88.93,0.0,5.652,,,,,,,,,42870.0,,2.43,,1312.0,0.074,,,people tested,86.11,17643060.0,66.939,28.1,7.104,4.458,10581.936,3.6,140.448,5.55,2.0,12.3,80.635,1.5,77.01,0.752
ECU,South America,Ecuador,2020-05-07,29420.0,-2461.0,677.857,1618.0,49.0,105.0,1667.511,-139.488,38.421,91.707,2.777,5.951,,,,,,,,,44373.0,1503.0,2.515,0.085,1432.0,0.081,,,people tested,86.11,17643060.0,66.939,28.1,7.104,4.458,10581.936,3.6,140.448,5.55,2.0,12.3,80.635,1.5,77.01,0.752
ECU,South America,Ecuador,2020-05-08,30298.0,878.0,766.286,1654.0,36.0,107.714,1717.276,49.765,43.433,93.748,2.04,6.105,,,,,,,,,40630.0,-3743.0,2.303,-0.212,510.0,0.029,,,people tested,86.11,17643060.0,66.939,28.1,7.104,4.458,10581.936,3.6,140.448,5.55,2.0,12.3,80.635,1.5,77.01,0.752
ECU,South America,Ecuador,2020-05-09,28818.0,-1480.0,354.571,1704.0,50.0,91.571,1633.39,-83.886,20.097,96.582,2.834,5.19,,,,,,,,,41501.0,871.0,2.352,0.049,368.0,0.021,,,people tested,86.11,17643060.0,66.939,28.1,7.104,4.458,10581.936,3.6,140.448,5.55,2.0,12.3,80.635,1.5,77.01,0.752
ECU,South America,Ecuador,2020-05-10,29071.0,253.0,229.571,1717.0,13.0,49.429,1647.73,14.34,13.012,97.319,0.737,2.802,,,,,,,,,43315.0,1814.0,2.455,0.103,,,,,people tested,86.11,17643060.0,66.939,28.1,7.104,4.458,10581.936,3.6,140.448,5.55,2.0,12.3,80.635,1.5,77.01,0.752
ECU,South America,Ecuador,2020-05-11,29559.0,488.0,3.0,2127.0,410.0,80.429,1675.39,27.66,0.17,120.557,23.239,4.559,,,,,,,,,41938.0,-1377.0,2.377,-0.078,,,,,people tested,86.11,17643060.0,66.939,28.1,7.104,4.458,10581.936,3.6,140.448,5.55,2.0,12.3,80.635,1.5,77.01,0.752
ECU,South America,Ecuador,2020-05-12,29509.0,-50.0,-338.857,2145.0,18.0,82.286,1672.556,-2.834,-19.206,121.578,1.02,4.664,,,,,,,,,44188.0,2250.0,2.505,0.128,,,,,people tested,86.11,17643060.0,66.939,28.1,7.104,4.458,10581.936,3.6,140.448,5.55,2.0,12.3,80.635,1.5,77.01,0.752
ECU,South America,Ecuador,2020-05-13,30419.0,910.0,-208.857,2327.0,182.0,108.286,1724.134,51.578,-11.838,131.893,10.316,6.138,,,,,,,,,44285.0,97.0,2.51,0.005,202.0,0.011,,,people tested,86.11,17643060.0,66.939,28.1,7.104,4.458,10581.936,3.6,140.448,5.55,2.0,12.3,80.635,1.5,77.01,0.752
ECU,South America,Ecuador,2020-05-14,30486.0,67.0,152.286,2334.0,7.0,102.286,1727.932,3.798,8.631,132.29,0.397,5.798,,,,,,,,,44349.0,64.0,2.514,0.004,,,,,people tested,86.11,17643060.0,66.939,28.1,7.104,4.458,10581.936,3.6,140.448,5.55,2.0,12.3,80.635,1.5,77.01,0.752
ECU,South America,Ecuador,2020-05-15,30502.0,16.0,29.143,2338.0,4.0,97.714,1728.838,0.907,1.652,132.517,0.227,5.538,,,,,,,,,47881.0,3532.0,2.714,0.2,1036.0,0.059,,,people tested,86.11,17643060.0,66.939,28.1,7.104,4.458,10581.936,3.6,140.448,5.55,2.0,12.3,80.635,1.5,77.01,0.752
ECU,South America,Ecuador,2020-05-16,31467.0,965.0,378.429,2594.0,256.0,127.143,1783.534,54.696,21.449,147.027,14.51,7.206,,,,,,,,,50020.0,2139.0,2.835,0.121,1217.0,0.069,,,people tested,86.11,17643060.0,66.939,28.1,7.104,4.458,10581.936,3.6,140.448,5.55,2.0,12.3,80.635,1.5,77.01,0.752
ECU,South America,Ecuador,2020-05-17,32763.0,1296.0,527.429,2688.0,94.0,138.714,1856.991,73.457,29.894,152.355,5.328,7.862,,,,,,,,,51395.0,1375.0,2.913,0.078,1154.0,0.065,,,people tested,86.11,17643060.0,66.939,28.1,7.104,4.458,10581.936,3.6,140.448,5.55,2.0,12.3,80.635,1.5,77.01,0.752
ECU,South America,Ecuador,2020-05-18,33182.0,419.0,517.571,2736.0,48.0,87.0,1880.74,23.749,29.336,155.075,2.721,4.931,,,,,,,,,52712.0,1317.0,2.988,0.075,1539.0,0.087,,,people tested,86.11,17643060.0,66.939,28.1,7.104,4.458,10581.936,3.6,140.448,5.55,2.0,12.3,80.635,1.5,77.01,0.752
ECU,South America,Ecuador,2020-05-19,33582.0,400.0,581.857,2799.0,63.0,93.429,1903.411,22.672,32.979,158.646,3.571,5.295,,,,,,,,,53813.0,1101.0,3.05,0.062,1375.0,0.078,,,people tested,86.11,17643060.0,66.939,28.1,7.104,4.458,10581.936,3.6,140.448,5.55,2.0,12.3,80.635,1.5,77.01,0.752
ECU,South America,Ecuador,2020-05-20,34151.0,569.0,533.143,2839.0,40.0,73.143,1935.662,32.251,30.218,160.913,2.267,4.146,,,,,,,,,55384.0,1571.0,3.139,0.089,1586.0,0.09,,,people tested,86.11,17643060.0,66.939,28.1,7.104,4.458,10581.936,3.6,140.448,5.55,2.0,12.3,80.635,1.5,77.01,0.752
ECU,South America,Ecuador,2020-05-21,34854.0,703.0,624.0,2888.0,49.0,79.143,1975.508,39.846,35.368,163.69,2.777,4.486,,,,,,,,,57126.0,1742.0,3.238,0.099,1825.0,0.103,,,people tested,86.11,17643060.0,66.939,28.1,7.104,4.458,10581.936,3.6,140.448,5.55,2.0,12.3,80.635,1.5,77.01,0.752
ECU,South America,Ecuador,2020-05-22,35306.0,452.0,686.286,2939.0,51.0,85.857,2001.127,25.619,38.898,166.581,2.891,4.866,,,,,,,,,59535.0,2409.0,3.374,0.137,1665.0,0.094,,,people tested,86.11,17643060.0,66.939,28.1,7.104,4.458,10581.936,3.6,140.448,5.55,2.0,12.3,80.635,1.5,77.01,0.752
ECU,South America,Ecuador,2020-05-23,35828.0,522.0,623.0,3056.0,117.0,66.0,2030.713,29.587,35.311,173.213,6.632,3.741,,,,,,,,,60696.0,1161.0,3.44,0.066,1525.0,0.086,,,people tested,86.11,17643060.0,66.939,28.1,7.104,4.458,10581.936,3.6,140.448,5.55,2.0,12.3,80.635,1.5,77.01,0.752
ECU,South America,Ecuador,2020-05-24,36258.0,430.0,499.286,3096.0,40.0,58.286,2055.086,24.372,28.299,175.48,2.267,3.304,,,,,,,,,61927.0,1231.0,3.51,0.07,1505.0,0.085,,,people tested,86.11,17643060.0,66.939,28.1,7.104,4.458,10581.936,3.6,140.448,5.55,2.0,12.3,80.635,1.5,77.01,0.752
ECU,South America,Ecuador,2020-05-25,36756.0,498.0,510.571,3108.0,12.0,53.143,2083.312,28.226,28.939,176.16,0.68,3.012,,,,,,,,,64195.0,2268.0,3.639,0.129,1640.0,0.093,,,people tested,86.11,17643060.0,66.939,28.1,7.104,4.458,10581.936,3.6,140.448,5.55,2.0,12.3,80.635,1.5,77.01,0.752
ECU,South America,Ecuador,2020-05-26,37355.0,599.0,539.0,3203.0,95.0,57.714,2117.263,33.951,30.55,181.544,5.385,3.271,,,,,,,,,64777.0,582.0,3.672,0.033,1566.0,0.089,,,people tested,86.11,17643060.0,66.939,28.1,7.104,4.458,10581.936,3.6,140.448,5.55,2.0,12.3,80.635,1.5,77.01,0.752
ECU,South America,Ecuador,2020-05-27,37355.0,0.0,457.714,3203.0,0.0,52.0,2117.263,0.0,25.943,181.544,0.0,2.947,,,,,,,,,66360.0,1583.0,3.761,0.09,1568.0,0.089,,,people tested,86.11,17643060.0,66.939,28.1,7.104,4.458,10581.936,3.6,140.448,5.55,2.0,12.3,80.635,1.5,77.01,0.752
ECU,South America,Ecuador,2020-05-28,38103.0,748.0,464.143,3275.0,72.0,55.286,2159.659,42.396,26.307,185.625,4.081,3.134,,,,,,,,,67139.0,779.0,3.805,0.044,1430.0,0.081,,,people tested,86.11,17643060.0,66.939,28.1,7.104,4.458,10581.936,3.6,140.448,5.55,2.0,12.3,80.635,1.5,77.01,0.752
ECU,South America,Ecuador,2020-05-29,38471.0,368.0,452.143,3313.0,38.0,53.429,2180.517,20.858,25.627,187.779,2.154,3.028,,,,,,,,,67718.0,579.0,3.838,0.033,1169.0,0.066,,,people tested,86.11,17643060.0,66.939,28.1,7.104,4.458,10581.936,3.6,140.448,5.55,2.0,12.3,80.635,1.5,77.01,0.752
ECU,South America,Ecuador,2020-05-30,38571.0,100.0,391.857,3334.0,21.0,39.714,2186.185,5.668,22.21,188.969,1.19,2.251,,,,,,,,,68231.0,513.0,3.867,0.029,1076.0,0.061,,,people tested,86.11,17643060.0,66.939,28.1,7.104,4.458,10581.936,3.6,140.448,5.55,2.0,12.3,80.635,1.5,77.01,0.752
ECU,South America,Ecuador,2020-05-31,38571.0,0.0,330.429,3334.0,0.0,34.0,2186.185,0.0,18.729,188.969,0.0,1.927,,,,,,,,,68988.0,757.0,3.91,0.043,1009.0,0.057,,,people tested,86.11,17643060.0,66.939,28.1,7.104,4.458,10581.936,3.6,140.448,5.55,2.0,12.3,80.635,1.5,77.01,0.752
ECU,South America,Ecuador,2020-06-01,39098.0,527.0,334.571,3358.0,24.0,35.714,2216.055,29.87,18.963,190.33,1.36,2.024,,,,,,,,,71422.0,2434.0,4.048,0.138,1032.0,0.058,,,people tested,77.78,17643060.0,66.939,28.1,7.104,4.458,10581.936,3.6,140.448,5.55,2.0,12.3,80.635,1.5,77.01,0.752
ECU,South America,Ecuador,2020-06-02,39994.0,896.0,377.0,3394.0,36.0,27.286,2266.84,50.785,21.368,192.37,2.04,1.547,,,,,,,,,72769.0,1347.0,4.125,0.076,1142.0,0.065,,,people tested,77.78,17643060.0,66.939,28.1,7.104,4.458,10581.936,3.6,140.448,5.55,2.0,12.3,80.635,1.5,77.01,0.752
ECU,South America,Ecuador,2020-06-03,40414.0,420.0,437.0,3438.0,44.0,33.571,2290.646,23.805,24.769,194.864,2.494,1.903,,,,,,,,,74728.0,1959.0,4.236,0.111,1195.0,0.068,,,people tested,77.78,17643060.0,66.939,28.1,7.104,4.458,10581.936,3.6,140.448,5.55,2.0,12.3,80.635,1.5,77.01,0.752
ECU,South America,Ecuador,2020-06-04,40966.0,552.0,409.0,3486.0,48.0,30.143,2321.933,31.287,23.182,197.585,2.721,1.708,,,,,,,,,76143.0,1415.0,4.316,0.08,1286.0,0.073,,,people tested,77.78,17643060.0,66.939,28.1,7.104,4.458,10581.936,3.6,140.448,5.55,2.0,12.3,80.635,1.5,77.01,0.752
ECU,South America,Ecuador,2020-06-05,40966.0,0.0,356.429,3486.0,0.0,24.714,2321.933,0.0,20.202,197.585,0.0,1.401,,,,,,,,,78279.0,2136.0,4.437,0.121,1509.0,0.086,,,people tested,77.78,17643060.0,66.939,28.1,7.104,4.458,10581.936,3.6,140.448,5.55,2.0,12.3,80.635,1.5,77.01,0.752
ECU,South America,Ecuador,2020-06-06,41575.0,609.0,429.143,3534.0,48.0,28.571,2356.451,34.518,24.324,200.305,2.721,1.619,,,,,,,,,79123.0,844.0,4.485,0.048,1556.0,0.088,,,people tested,77.78,17643060.0,66.939,28.1,7.104,4.458,10581.936,3.6,140.448,5.55,2.0,12.3,80.635,1.5,77.01,0.752
ECU,South America,Ecuador,2020-06-07,42728.0,1153.0,593.857,3608.0,74.0,39.143,2421.802,65.351,33.66,204.5,4.194,2.219,,,,,,,,,80376.0,1253.0,4.556,0.071,1627.0,0.092,,,people tested,77.78,17643060.0,66.939,28.1,7.104,4.458,10581.936,3.6,140.448,5.55,2.0,12.3,80.635,1.5,77.01,0.752
ECU,South America,Ecuador,2020-06-08,43120.0,392.0,574.571,3621.0,13.0,37.571,2444.02,22.218,32.566,205.237,0.737,2.13,,,,,,,,,80796.0,420.0,4.579,0.024,1339.0,0.076,,,people tested,77.78,17643060.0,66.939,28.1,7.104,4.458,10581.936,3.6,140.448,5.55,2.0,12.3,80.635,1.5,77.01,0.752
ECU,South America,Ecuador,2020-06-09,43378.0,258.0,483.429,3642.0,21.0,35.429,2458.644,14.623,27.4,206.427,1.19,2.008,,,,,,,,,82279.0,1483.0,4.664,0.084,1359.0,0.077,,,people tested,77.78,17643060.0,66.939,28.1,7.104,4.458,10581.936,3.6,140.448,5.55,2.0,12.3,80.635,1.5,77.01,0.752
ECU,South America,Ecuador,2020-06-10,43917.0,539.0,500.429,3690.0,48.0,36.0,2489.194,30.55,28.364,209.147,2.721,2.04,,,,,,,,,83400.0,1121.0,4.727,0.064,1239.0,0.07,,,people tested,77.78,17643060.0,66.939,28.1,7.104,4.458,10581.936,3.6,140.448,5.55,2.0,12.3,80.635,1.5,77.01,0.752
ECU,South America,Ecuador,2020-06-11,44440.0,523.0,496.286,3720.0,30.0,33.429,2518.837,29.643,28.129,210.848,1.7,1.895,,,,,,,,,85592.0,2192.0,4.851,0.124,1350.0,0.077,,,people tested,77.78,17643060.0,66.939,28.1,7.104,4.458,10581.936,3.6,140.448,5.55,2.0,12.3,80.635,1.5,77.01,0.752
ECU,South America,Ecuador,2020-06-12,44440.0,0.0,496.286,3720.0,0.0,33.429,2518.837,0.0,28.129,210.848,0.0,1.895,,,,,,,,,87561.0,1969.0,4.963,0.112,1326.0,0.075,,,people tested,77.78,17643060.0,66.939,28.1,7.104,4.458,10581.936,3.6,140.448,5.55,2.0,12.3,80.635,1.5,77.01,0.752
ECU,South America,Ecuador,2020-06-13,45778.0,1338.0,600.429,3828.0,108.0,42.0,2594.675,75.837,34.032,216.969,6.121,2.381,,,,,,,,,88946.0,1385.0,5.041,0.079,1403.0,0.08,,,people tested,77.78,17643060.0,66.939,28.1,7.104,4.458,10581.936,3.6,140.448,5.55,2.0,12.3,80.635,1.5,77.01,0.752
ECU,South America,Ecuador,2020-06-14,46356.0,578.0,518.286,3874.0,46.0,38.0,2627.435,32.761,29.376,219.576,2.607,2.154,,,,,,,,,89842.0,896.0,5.092,0.051,1352.0,0.077,,,people tested,77.78,17643060.0,66.939,28.1,7.104,4.458,10581.936,3.6,140.448,5.55,2.0,12.3,80.635,1.5,77.01,0.752
ECU,South America,Ecuador,2020-06-15,46751.0,395.0,518.714,3896.0,22.0,39.286,2649.824,22.388,29.4,220.823,1.247,2.227,,,,,,,,,91101.0,1259.0,5.164,0.071,1472.0,0.083,,,people tested,77.78,17643060.0,66.939,28.1,7.104,4.458,10581.936,3.6,140.448,5.55,2.0,12.3,80.635,1.5,77.01,0.752
ECU,South America,Ecuador,2020-06-16,47322.0,571.0,563.429,3929.0,33.0,41.0,2682.188,32.364,31.935,222.694,1.87,2.324,,,,,,,,,92964.0,1863.0,5.269,0.106,1526.0,0.086,,,people tested,77.78,17643060.0,66.939,28.1,7.104,4.458,10581.936,3.6,140.448,5.55,2.0,12.3,80.635,1.5,77.01,0.752
ECU,South America,Ecuador,2020-06-17,47943.0,621.0,575.143,3970.0,41.0,40.0,2717.386,35.198,32.599,225.018,2.324,2.267,,,,,,,,,94226.0,1262.0,5.341,0.072,1547.0,0.088,,,people tested,77.78,17643060.0,66.939,28.1,7.104,4.458,10581.936,3.6,140.448,5.55,2.0,12.3,80.635,1.5,77.01,0.752
ECU,South America,Ecuador,2020-06-18,48490.0,547.0,578.571,4007.0,37.0,41.0,2748.389,31.004,32.793,227.115,2.097,2.324,,,,,,,,,95696.0,1470.0,5.424,0.083,1443.0,0.082,,,people tested,77.78,17643060.0,66.939,28.1,7.104,4.458,10581.936,3.6,140.448,5.55,2.0,12.3,80.635,1.5,77.01,0.752
ECU,South America,Ecuador,2020-06-19,49097.0,607.0,665.286,4087.0,80.0,52.429,2782.794,34.404,37.708,231.649,4.534,2.972,,,,,,,,,97575.0,1879.0,5.531,0.107,1431.0,0.081,,,people tested,74.07,17643060.0,66.939,28.1,7.104,4.458,10581.936,3.6,140.448,5.55,2.0,12.3,80.635,1.5,77.01,0.752
ECU,South America,Ecuador,2020-06-20,49731.0,634.0,564.714,4156.0,69.0,46.857,2818.729,35.935,32.008,235.56,3.911,2.656,,,,,,,,,99041.0,1466.0,5.614,0.083,1442.0,0.082,,,people tested,74.07,17643060.0,66.939,28.1,7.104,4.458,10581.936,3.6,140.448,5.55,2.0,12.3,80.635,1.5,77.01,0.752
ECU,South America,Ecuador,2020-06-21,50183.0,452.0,546.714,4199.0,43.0,46.429,2844.348,25.619,30.987,237.997,2.437,2.632,,,,,,,,,100268.0,1227.0,5.683,0.07,1489.0,0.084,,,people tested,74.07,17643060.0,66.939,28.1,7.104,4.458,10581.936,3.6,140.448,5.55,2.0,12.3,80.635,1.5,77.01,0.752
ECU,South America,Ecuador,2020-06-22,50640.0,457.0,555.571,4223.0,24.0,46.714,2870.25,25.903,31.49,239.358,1.36,2.648,,,,,,,,,100756.0,488.0,5.711,0.028,1379.0,0.078,,,people tested,74.07,17643060.0,66.939,28.1,7.104,4.458,10581.936,3.6,140.448,5.55,2.0,12.3,80.635,1.5,77.01,0.752
ECU,South America,Ecuador,2020-06-23,50640.0,0.0,474.0,4223.0,0.0,42.0,2870.25,0.0,26.866,239.358,0.0,2.381,,,,,,,,,102855.0,2099.0,5.83,0.119,1413.0,0.08,,,people tested,74.07,17643060.0,66.939,28.1,7.104,4.458,10581.936,3.6,140.448,5.55,2.0,12.3,80.635,1.5,77.01,0.752
ECU,South America,Ecuador,2020-06-24,51643.0,1003.0,528.571,4274.0,51.0,43.429,2927.1,56.85,29.959,242.248,2.891,2.462,,,,,,,,,104572.0,1717.0,5.927,0.097,1478.0,0.084,,,people tested,74.07,17643060.0,66.939,28.1,7.104,4.458,10581.936,3.6,140.448,5.55,2.0,12.3,80.635,1.5,77.01,0.752
ECU,South America,Ecuador,2020-06-25,52334.0,691.0,549.143,4309.0,35.0,43.143,2966.265,39.166,31.125,244.232,1.984,2.445,,,,,,,,,106476.0,1904.0,6.035,0.108,1540.0,0.087,,,people tested,74.07,17643060.0,66.939,28.1,7.104,4.458,10581.936,3.6,140.448,5.55,2.0,12.3,80.635,1.5,77.01,0.752
ECU,South America,Ecuador,2020-06-26,53156.0,822.0,579.857,4343.0,34.0,36.571,3012.856,46.591,32.866,246.159,1.927,2.073,,,,,,,,,108471.0,1995.0,6.148,0.113,1557.0,0.088,,,people tested,74.07,17643060.0,66.939,28.1,7.104,4.458,10581.936,3.6,140.448,5.55,2.0,12.3,80.635,1.5,77.01,0.752
ECU,South America,Ecuador,2020-06-27,53856.0,700.0,589.286,4406.0,63.0,35.714,3052.532,39.676,33.4,249.73,3.571,2.024,,,,,,,,,109939.0,1468.0,6.231,0.083,1557.0,0.088,,,people tested,74.07,17643060.0,66.939,28.1,7.104,4.458,10581.936,3.6,140.448,5.55,2.0,12.3,80.635,1.5,77.01,0.752
ECU,South America,Ecuador,2020-06-28,54574.0,718.0,627.286,4424.0,18.0,32.143,3093.228,40.696,35.554,250.75,1.02,1.822,,,,,,,,,111523.0,1584.0,6.321,0.09,1608.0,0.091,,,people tested,74.07,17643060.0,66.939,28.1,7.104,4.458,10581.936,3.6,140.448,5.55,2.0,12.3,80.635,1.5,77.01,0.752
ECU,South America,Ecuador,2020-06-29,55255.0,681.0,659.286,4429.0,5.0,29.429,3131.826,38.599,37.368,251.034,0.283,1.668,,,,,,,,,112845.0,1322.0,6.396,0.075,1727.0,0.098,,,people tested,74.07,17643060.0,66.939,28.1,7.104,4.458,10581.936,3.6,140.448,5.55,2.0,12.3,80.635,1.5,77.01,0.752
ECU,South America,Ecuador,2020-06-30,55665.0,410.0,717.857,4502.0,73.0,39.857,3155.065,23.239,40.688,255.171,4.138,2.259,,,,,,,,,114910.0,2065.0,6.513,0.117,1722.0,0.098,,,people tested,74.07,17643060.0,66.939,28.1,7.104,4.458,10581.936,3.6,140.448,5.55,2.0,12.3,80.635,1.5,77.01,0.752
ECU,South America,Ecuador,2020-07-01,56432.0,767.0,684.143,4527.0,25.0,36.143,3198.538,43.473,38.777,256.588,1.417,2.049,,,,,,,,,117603.0,2693.0,6.666,0.153,1862.0,0.106,,,people tested,74.07,17643060.0,66.939,28.1,7.104,4.458,10581.936,3.6,140.448,5.55,2.0,12.3,80.635,1.5,77.01,0.752
ECU,South America,Ecuador,2020-07-02,58257.0,1825.0,846.143,4576.0,49.0,38.143,3301.978,103.44,47.959,259.365,2.777,2.162,,,,,,,,,120346.0,2743.0,6.821,0.155,1981.0,0.112,,,people tested,74.07,17643060.0,66.939,28.1,7.104,4.458,10581.936,3.6,140.448,5.55,2.0,12.3,80.635,1.5,77.01,0.752
ECU,South America,Ecuador,2020-07-03,59468.0,1211.0,901.714,4639.0,63.0,42.286,3370.617,68.639,51.109,262.936,3.571,2.397,,,,,,,,,122631.0,2285.0,6.951,0.13,2023.0,0.115,,,people tested,74.07,17643060.0,66.939,28.1,7.104,4.458,10581.936,3.6,140.448,5.55,2.0,12.3,80.635,1.5,77.01,0.752
ECU,South America,Ecuador,2020-07-04,60657.0,1189.0,971.571,4700.0,61.0,42.0,3438.009,67.392,55.068,266.394,3.457,2.381,,,,,,,,,124735.0,2104.0,7.07,0.119,2114.0,0.12,,,people tested,74.07,17643060.0,66.939,28.1,7.104,4.458,10581.936,3.6,140.448,5.55,2.0,12.3,80.635,1.5,77.01,0.752
ECU,South America,Ecuador,2020-07-05,61535.0,878.0,994.429,4769.0,69.0,49.286,3487.774,49.765,56.364,270.305,3.911,2.793,,,,,,,,,125734.0,999.0,7.127,0.057,2030.0,0.115,,,people tested,74.07,17643060.0,66.939,28.1,7.104,4.458,10581.936,3.6,140.448,5.55,2.0,12.3,80.635,1.5,77.01,0.752
ECU,South America,Ecuador,2020-07-06,61958.0,423.0,957.571,4781.0,12.0,50.286,3511.749,23.975,54.275,270.985,0.68,2.85,,,,,,,,,126699.0,965.0,7.181,0.055,1979.0,0.112,,,people tested,74.07,17643060.0,66.939,28.1,7.104,4.458,10581.936,3.6,140.448,5.55,2.0,12.3,80.635,1.5,77.01,0.752
ECU,South America,Ecuador,2020-07-07,62380.0,422.0,959.286,4821.0,40.0,45.571,3535.668,23.919,54.372,273.252,2.267,2.583,,,,,,,,,128825.0,2126.0,7.302,0.121,1988.0,0.113,,,people tested,74.07,17643060.0,66.939,28.1,7.104,4.458,10581.936,3.6,140.448,5.55,2.0,12.3,80.635,1.5,77.01,0.752
ECU,South America,Ecuador,2020-07-08,63245.0,865.0,973.286,4873.0,52.0,49.429,3584.696,49.028,55.165,276.199,2.947,2.802,,,,,,,,,131222.0,2397.0,7.438,0.136,1946.0,0.11,,,people tested,74.07,17643060.0,66.939,28.1,7.104,4.458,10581.936,3.6,140.448,5.55,2.0,12.3,80.635,1.5,77.01,0.752
ECU,South America,Ecuador,2020-07-09,64221.0,976.0,852.0,4900.0,27.0,46.286,3640.015,55.319,48.291,277.73,1.53,2.623,,,,,,,,,133207.0,1985.0,7.55,0.113,1837.0,0.104,,,people tested,74.07,17643060.0,66.939,28.1,7.104,4.458,10581.936,3.6,140.448,5.55,2.0,12.3,80.635,1.5,77.01,0.752
ECU,South America,Ecuador,2020-07-10,65018.0,797.0,792.857,4939.0,39.0,42.857,3685.188,45.174,44.939,279.94,2.211,2.429,,,,,,,,,134811.0,1604.0,7.641,0.091,1740.0,0.099,,,people tested,74.07,17643060.0,66.939,28.1,7.104,4.458,10581.936,3.6,140.448,5.55,2.0,12.3,80.635,1.5,77.01,0.752
ECU,South America,Ecuador,2020-07-11,65801.0,783.0,734.857,4983.0,44.0,40.429,3729.568,44.38,41.651,282.434,2.494,2.291,,,,,,,,,137419.0,2608.0,7.789,0.148,1812.0,0.103,,,people tested,74.07,17643060.0,66.939,28.1,7.104,4.458,10581.936,3.6,140.448,5.55,2.0,12.3,80.635,1.5,77.01,0.752
ECU,South America,Ecuador,2020-07-12,67209.0,1408.0,810.571,5031.0,48.0,37.429,3809.373,79.805,45.943,285.155,2.721,2.121,,,,,,,,,139271.0,1852.0,7.894,0.105,1934.0,0.11,,,people tested,74.07,17643060.0,66.939,28.1,7.104,4.458,10581.936,3.6,140.448,5.55,2.0,12.3,80.635,1.5,77.01,0.752
ECU,South America,Ecuador,2020-07-13,67870.0,661.0,844.571,5047.0,16.0,38.0,3846.838,37.465,47.87,286.061,0.907,2.154,,,,,,,,,140602.0,1331.0,7.969,0.075,1986.0,0.113,,,people tested,74.07,17643060.0,66.939,28.1,7.104,4.458,10581.936,3.6,140.448,5.55,2.0,12.3,80.635,1.5,77.01,0.752
ECU,South America,Ecuador,2020-07-14,68459.0,589.0,868.429,5063.0,16.0,34.571,3880.223,33.384,49.222,286.968,0.907,1.959,,,,,,,,,142990.0,2388.0,8.105,0.135,2024.0,0.115,,,people tested,74.07,17643060.0,66.939,28.1,7.104,4.458,10581.936,3.6,140.448,5.55,2.0,12.3,80.635,1.5,77.01,0.752
ECU,South America,Ecuador,2020-07-15,69570.0,1111.0,903.571,5130.0,67.0,36.714,3943.194,62.971,51.214,290.766,3.798,2.081,,,,,,,,,145207.0,2217.0,8.23,0.126,1998.0,0.113,,,people tested,74.07,17643060.0,66.939,28.1,7.104,4.458,10581.936,3.6,140.448,5.55,2.0,12.3,80.635,1.5,77.01,0.752
ECU,South America,Ecuador,2020-07-16,70329.0,759.0,872.571,5158.0,28.0,36.857,3986.213,43.02,49.457,292.353,1.587,2.089,,,,,,,,,147993.0,2786.0,8.388,0.158,2112.0,0.12,,,people tested,74.07,17643060.0,66.939,28.1,7.104,4.458,10581.936,3.6,140.448,5.55,2.0,12.3,80.635,1.5,77.01,0.752
ECU,South America,Ecuador,2020-07-17,71365.0,1036.0,906.714,5207.0,49.0,38.286,4044.933,58.72,51.392,295.13,2.777,2.17,,,,,,,,,150361.0,2368.0,8.522,0.134,2221.0,0.126,,,people tested,74.07,17643060.0,66.939,28.1,7.104,4.458,10581.936,3.6,140.448,5.55,2.0,12.3,80.635,1.5,77.01,0.752
ECU,South America,Ecuador,2020-07-18,72444.0,1079.0,949.0,5250.0,43.0,38.143,4106.09,61.157,53.789,297.567,2.437,2.162,,,,,,,,,152448.0,2087.0,8.641,0.118,2147.0,0.122,,,people tested,74.07,17643060.0,66.939,28.1,7.104,4.458,10581.936,3.6,140.448,5.55,2.0,12.3,80.635,1.5,77.01,0.752
ECU,South America,Ecuador,2020-07-19,73382.0,938.0,881.857,5282.0,32.0,35.857,4159.256,53.165,49.983,299.381,1.814,2.032,,,,,,,,,154150.0,1702.0,8.737,0.096,2126.0,0.121,,,people tested,74.07,17643060.0,66.939,28.1,7.104,4.458,10581.936,3.6,140.448,5.55,2.0,12.3,80.635,1.5,77.01,0.752
ECU,South America,Ecuador,2020-07-20,74013.0,631.0,877.571,5313.0,31.0,38.0,4195.021,35.765,49.74,301.138,1.757,2.154,,,,,,,,,155768.0,1618.0,8.829,0.092,2167.0,0.123,,,people tested,74.07,17643060.0,66.939,28.1,7.104,4.458,10581.936,3.6,140.448,5.55,2.0,12.3,80.635,1.5,77.01,0.752
ECU,South America,Ecuador,2020-07-21,74620.0,607.0,880.143,5318.0,5.0,36.429,4229.425,34.404,49.886,301.422,0.283,2.065,,,,,,,,,159152.0,3384.0,9.021,0.192,2309.0,0.131,,,people tested,74.07,17643060.0,66.939,28.1,7.104,4.458,10581.936,3.6,140.448,5.55,2.0,12.3,80.635,1.5,77.01,0.752
ECU,South America,Ecuador,2020-07-22,76217.0,1597.0,949.571,5366.0,48.0,33.714,4319.942,90.517,53.821,304.142,2.721,1.911,,,,,,,,,161443.0,2291.0,9.151,0.13,2319.0,0.131,,,people tested,74.07,17643060.0,66.939,28.1,7.104,4.458,10581.936,3.6,140.448,5.55,2.0,12.3,80.635,1.5,77.01,0.752
ECU,South America,Ecuador,2020-07-23,77257.0,1040.0,989.714,5418.0,52.0,37.143,4378.889,58.947,56.097,307.09,2.947,2.105,,,,,,,,,163598.0,2155.0,9.273,0.122,2229.0,0.126,,,people tested,75.46,17643060.0,66.939,28.1,7.104,4.458,10581.936,3.6,140.448,5.55,2.0,12.3,80.635,1.5,77.01,0.752
ECU,South America,Ecuador,2020-07-24,78148.0,891.0,969.0,5439.0,21.0,33.143,4429.39,50.501,54.922,308.28,1.19,1.879,,,,,,,,,165712.0,2114.0,9.392,0.12,2193.0,0.124,,,people tested,72.69,17643060.0,66.939,28.1,7.104,4.458,10581.936,3.6,140.448,5.55,2.0,12.3,80.635,1.5,77.01,0.752
ECU,South America,Ecuador,2020-07-25,79049.0,901.0,943.571,5468.0,29.0,31.143,4480.459,51.068,53.481,309.924,1.644,1.765,,,,,,,,,167782.0,2070.0,9.51,0.117,2191.0,0.124,,,people tested,72.69,17643060.0,66.939,28.1,7.104,4.458,10581.936,3.6,140.448,5.55,2.0,12.3,80.635,1.5,77.01,0.752
ECU,South America,Ecuador,2020-07-26,80036.0,987.0,950.571,5507.0,39.0,32.143,4536.401,55.943,53.878,312.134,2.211,1.822,,,,,,,,,169605.0,1823.0,9.613,0.103,2208.0,0.125,,,people tested,72.69,17643060.0,66.939,28.1,7.104,4.458,10581.936,3.6,140.448,5.55,2.0,12.3,80.635,1.5,77.01,0.752
ECU,South America,Ecuador,2020-07-27,80694.0,658.0,954.429,5515.0,8.0,28.857,4573.696,37.295,54.097,312.587,0.453,1.636,,,,,,,,,170731.0,1126.0,9.677,0.064,2138.0,0.121,,,people tested,72.69,17643060.0,66.939,28.1,7.104,4.458,10581.936,3.6,140.448,5.55,2.0,12.3,80.635,1.5,77.01,0.752
ECU,South America,Ecuador,2020-07-28,81161.0,467.0,934.429,5532.0,17.0,30.571,4600.166,26.469,52.963,313.551,0.964,1.733,,,,,,,,,174095.0,3364.0,9.868,0.191,2135.0,0.121,,,people tested,72.69,17643060.0,66.939,28.1,7.104,4.458,10581.936,3.6,140.448,5.55,2.0,12.3,80.635,1.5,77.01,0.752
ECU,South America,Ecuador,2020-07-29,82279.0,1118.0,866.0,5584.0,52.0,31.143,4663.533,63.368,49.084,316.498,2.947,1.765,,,,,,,,,176208.0,2113.0,9.987,0.12,2109.0,0.12,,,people tested,72.69,17643060.0,66.939,28.1,7.104,4.458,10581.936,3.6,140.448,5.55,2.0,12.3,80.635,1.5,77.01,0.752
ECU,South America,Ecuador,2020-07-30,83193.0,914.0,848.0,5623.0,39.0,29.286,4715.338,51.805,48.064,318.709,2.211,1.66,,,,,,,,,179093.0,2885.0,10.151,0.164,2214.0,0.125,,,people tested,72.69,17643060.0,66.939,28.1,7.104,4.458,10581.936,3.6,140.448,5.55,2.0,12.3,80.635,1.5,77.01,0.752
ECU,South America,Ecuador,2020-07-31,84370.0,1177.0,888.857,5657.0,34.0,31.143,4782.05,66.712,50.38,320.636,1.927,1.765,,,,,,,,,181594.0,2501.0,10.293,0.142,2269.0,0.129,,,people tested,72.69,17643060.0,66.939,28.1,7.104,4.458,10581.936,3.6,140.448,5.55,2.0,12.3,80.635,1.5,77.01,0.752
ECU,South America,Ecuador,2020-08-01,85355.0,985.0,900.857,5702.0,45.0,33.429,4837.88,55.829,51.06,323.187,2.551,1.895,,,,,,,,,184045.0,2451.0,10.432,0.139,2323.0,0.132,,,people tested,70.83,17643060.0,66.939,28.1,7.104,4.458,10581.936,3.6,140.448,5.55,2.0,12.3,80.635,1.5,77.01,0.752
ECU,South America,Ecuador,2020-08-02,86232.0,877.0,885.143,5736.0,34.0,32.714,4887.588,49.708,50.169,325.114,1.927,1.854,,,,,,,,,184923.0,878.0,10.481,0.05,2188.0,0.124,,,people tested,70.83,17643060.0,66.939,28.1,7.104,4.458,10581.936,3.6,140.448,5.55,2.0,12.3,80.635,1.5,77.01,0.752
ECU,South America,Ecuador,2020-08-03,86524.0,292.0,832.857,5750.0,14.0,33.571,4904.138,16.55,47.206,325.907,0.794,1.903,,,,,,,,,186336.0,1413.0,10.561,0.08,2229.0,0.126,,,people tested,70.83,17643060.0,66.939,28.1,7.104,4.458,10581.936,3.6,140.448,5.55,2.0,12.3,80.635,1.5,77.01,0.752
ECU,South America,Ecuador,2020-08-04,87041.0,517.0,840.0,5767.0,17.0,33.571,4933.441,29.303,47.611,326.871,0.964,1.903,,,,,,,,,188431.0,2095.0,10.68,0.119,2048.0,0.116,,,people tested,70.83,17643060.0,66.939,28.1,7.104,4.458,10581.936,3.6,140.448,5.55,2.0,12.3,80.635,1.5,77.01,0.752
ECU,South America,Ecuador,2020-08-05,87963.0,922.0,812.0,5808.0,41.0,32.0,4985.7,52.259,46.024,329.195,2.324,1.814,,,,,,,,,190587.0,2156.0,10.802,0.122,2054.0,0.116,,,people tested,70.83,17643060.0,66.939,28.1,7.104,4.458,10581.936,3.6,140.448,5.55,2.0,12.3,80.635,1.5,77.01,0.752
ECU,South America,Ecuador,2020-08-06,88866.0,903.0,810.429,5847.0,39.0,32.0,5036.881,51.182,45.935,331.405,2.211,1.814,,,,,,,,,194349.0,3762.0,11.016,0.213,2179.0,0.124,,,people tested,70.83,17643060.0,66.939,28.1,7.104,4.458,10581.936,3.6,140.448,5.55,2.0,12.3,80.635,1.5,77.01,0.752
ECU,South America,Ecuador,2020-08-07,90537.0,1671.0,881.0,5887.0,40.0,32.857,5131.593,94.711,49.935,333.672,2.267,1.862,,,,,,,,,197857.0,3508.0,11.214,0.199,2323.0,0.132,,,people tested,70.83,17643060.0,66.939,28.1,7.104,4.458,10581.936,3.6,140.448,5.55,2.0,12.3,80.635,1.5,77.01,0.752
ECU,South America,Ecuador,2020-08-08,91969.0,1432.0,944.857,5897.0,10.0,27.857,5212.758,81.165,53.554,334.239,0.567,1.579,,,,,,,,,202394.0,4537.0,11.472,0.257,2621.0,0.149,,,people tested,70.83,17643060.0,66.939,28.1,7.104,4.458,10581.936,3.6,140.448,5.55,2.0,12.3,80.635,1.5,77.01,0.752
ECU,South America,Ecuador,2020-08-09,93572.0,1603.0,1048.571,5916.0,19.0,25.714,5303.615,90.857,59.433,335.316,1.077,1.457,,,,,,,,,204729.0,2335.0,11.604,0.132,2829.0,0.16,,,people tested,70.83,17643060.0,66.939,28.1,7.104,4.458,10581.936,3.6,140.448,5.55,2.0,12.3,80.635,1.5,77.01,0.752
ECU,South America,Ecuador,2020-08-10,94459.0,887.0,1133.571,5922.0,6.0,24.571,5353.89,50.275,64.25,335.656,0.34,1.393,,,,,,,,,205364.0,635.0,11.64,0.036,2718.0,0.154,,,people tested,70.83,17643060.0,66.939,28.1,7.104,4.458,10581.936,3.6,140.448,5.55,2.0,12.3,80.635,1.5,77.01,0.752
ECU,South America,Ecuador,2020-08-11,94701.0,242.0,1094.286,5932.0,10.0,23.571,5367.606,13.716,62.024,336.223,0.567,1.336,,,,,,,,,207536.0,2172.0,11.763,0.123,2729.0,0.155,,,people tested,70.83,17643060.0,66.939,28.1,7.104,4.458,10581.936,3.6,140.448,5.55,2.0,12.3,80.635,1.5,77.01,0.752
ECU,South America,Ecuador,2020-08-12,95563.0,862.0,1085.714,5951.0,19.0,20.429,5416.464,48.858,61.538,337.3,1.077,1.158,,,,,,,,,211192.0,3656.0,11.97,0.207,2944.0,0.167,,,people tested,70.83,17643060.0,66.939,28.1,7.104,4.458,10581.936,3.6,140.448,5.55,2.0,12.3,80.635,1.5,77.01,0.752
ECU,South America,Ecuador,2020-08-13,97110.0,1547.0,1177.714,5984.0,33.0,19.571,5504.147,87.683,66.752,339.17,1.87,1.109,,,,,,,,,214477.0,3285.0,12.156,0.186,2875.0,0.163,,,people tested,70.83,17643060.0,66.939,28.1,7.104,4.458,10581.936,3.6,140.448,5.55,2.0,12.3,80.635,1.5,77.01,0.752
ECU,South America,Ecuador,2020-08-14,98343.0,1233.0,1115.143,6010.0,26.0,17.571,5574.033,69.886,63.206,340.644,1.474,0.996,,,,,,,,,217474.0,2997.0,12.326,0.17,2802.0,0.159,,,people tested,70.83,17643060.0,66.939,28.1,7.104,4.458,10581.936,3.6,140.448,5.55,2.0,12.3,80.635,1.5,77.01,0.752
ECU,South America,Ecuador,2020-08-15,99409.0,1066.0,1062.857,6030.0,20.0,19.0,5634.453,60.42,60.242,341.777,1.134,1.077,,,,,,,,,221163.0,3689.0,12.535,0.209,2681.0,0.152,,,people tested,70.83,17643060.0,66.939,28.1,7.104,4.458,10581.936,3.6,140.448,5.55,2.0,12.3,80.635,1.5,77.01,0.752
ECU,South America,Ecuador,2020-08-16,100688.0,1279.0,1016.571,6065.0,35.0,21.286,5706.947,72.493,57.619,343.761,1.984,1.206,,,,,,,,,223842.0,2679.0,12.687,0.152,2730.0,0.155,,,people tested,70.83,17643060.0,66.939,28.1,7.104,4.458,10581.936,3.6,140.448,5.55,2.0,12.3,80.635,1.5,77.01,0.752
ECU,South America,Ecuador,2020-08-17,101542.0,854.0,1011.857,6070.0,5.0,21.143,5755.351,48.404,57.352,344.045,0.283,1.198,,,,,,,,,224835.0,993.0,12.744,0.056,2782.0,0.158,,,people tested,70.83,17643060.0,66.939,28.1,7.104,4.458,10581.936,3.6,140.448,5.55,2.0,12.3,80.635,1.5,77.01,0.752
ECU,South America,Ecuador,2020-08-18,101751.0,209.0,1007.143,6083.0,13.0,21.571,5767.197,11.846,57.084,344.781,0.737,1.223,,,,,,,,,228038.0,3203.0,12.925,0.182,2929.0,0.166,,,people tested,70.83,17643060.0,66.939,28.1,7.104,4.458,10581.936,3.6,140.448,5.55,2.0,12.3,80.635,1.5,77.01,0.752
ECU,South America,Ecuador,2020-08-19,102941.0,1190.0,1054.0,6105.0,22.0,22.0,5834.645,67.449,59.74,346.028,1.247,1.247,,,,,,,,,231883.0,3845.0,13.143,0.218,2956.0,0.168,,,people tested,70.83,17643060.0,66.939,28.1,7.104,4.458,10581.936,3.6,140.448,5.55,2.0,12.3,80.635,1.5,77.01,0.752
ECU,South America,Ecuador,2020-08-20,104475.0,1534.0,1052.143,6146.0,41.0,23.143,5921.592,86.946,59.635,348.352,2.324,1.312,,,,,,,,,235401.0,3518.0,13.342,0.199,2989.0,0.169,,,people tested,70.83,17643060.0,66.939,28.1,7.104,4.458,10581.936,3.6,140.448,5.55,2.0,12.3,80.635,1.5,77.01,0.752
ECU,South America,Ecuador,2020-08-21,105508.0,1033.0,1023.571,6200.0,54.0,27.143,5980.142,58.55,58.016,351.413,3.061,1.538,,,,,,,,,238158.0,2757.0,13.499,0.156,2955.0,0.167,,,people tested,70.83,17643060.0,66.939,28.1,7.104,4.458,10581.936,3.6,140.448,5.55,2.0,12.3,80.635,1.5,77.01,0.752
ECU,South America,Ecuador,2020-08-22,106481.0,973.0,1010.286,6248.0,48.0,31.143,6035.291,55.149,57.262,354.134,2.721,1.765,,,,,,,,,239766.0,1608.0,13.59,0.091,2658.0,0.151,,,people tested,70.83,17643060.0,66.939,28.1,7.104,4.458,10581.936,3.6,140.448,5.55,2.0,12.3,80.635,1.5,77.01,0.752
ECU,South America,Ecuador,2020-08-23,107089.0,608.0,914.429,6277.0,29.0,30.286,6069.752,34.461,51.829,355.777,1.644,1.717,,,,,,,,,242114.0,2348.0,13.723,0.133,2610.0,0.148,,,people tested,70.83,17643060.0,66.939,28.1,7.104,4.458,10581.936,3.6,140.448,5.55,2.0,12.3,80.635,1.5,77.01,0.752
ECU,South America,Ecuador,2020-08-24,107769.0,680.0,889.571,6310.0,33.0,34.286,6108.294,38.542,50.42,357.648,1.87,1.943,,,,,,,,,243437.0,1323.0,13.798,0.075,2657.0,0.151,,,people tested,70.83,17643060.0,66.939,28.1,7.104,4.458,10581.936,3.6,140.448,5.55,2.0,12.3,80.635,1.5,77.01,0.752
ECU,South America,Ecuador,2020-08-25,108289.0,520.0,934.0,6322.0,12.0,34.143,6137.767,29.473,52.939,358.328,0.68,1.935,,,,,,,,,245983.0,2546.0,13.942,0.144,2564.0,0.145,,,people tested,70.83,17643060.0,66.939,28.1,7.104,4.458,10581.936,3.6,140.448,5.55,2.0,12.3,80.635,1.5,77.01,0.752
ECU,South America,Ecuador,2020-08-26,109030.0,741.0,869.857,6368.0,46.0,37.571,6179.767,42.0,49.303,360.935,2.607,2.13,,,,,,,,,249452.0,3469.0,14.139,0.197,2510.0,0.142,,,people tested,70.83,17643060.0,66.939,28.1,7.104,4.458,10581.936,3.6,140.448,5.55,2.0,12.3,80.635,1.5,77.01,0.752
ECU,South America,Ecuador,2020-08-27,110549.0,1519.0,867.714,6410.0,42.0,37.714,6265.863,86.096,49.182,363.316,2.381,2.138,,,,,,,,,251532.0,2080.0,14.257,0.118,2304.0,0.131,,,people tested,70.83,17643060.0,66.939,28.1,7.104,4.458,10581.936,3.6,140.448,5.55,2.0,12.3,80.635,1.5,77.01,0.752
ECU,South America,Ecuador,2020-08-28,111219.0,670.0,815.857,6471.0,61.0,38.714,6303.838,37.975,46.242,366.773,3.457,2.194,,,,,,,,,253976.0,2444.0,14.395,0.139,2260.0,0.128,,,people tested,70.83,17643060.0,66.939,28.1,7.104,4.458,10581.936,3.6,140.448,5.55,2.0,12.3,80.635,1.5,77.01,0.752
ECU,South America,Ecuador,2020-08-29,112141.0,922.0,808.571,6504.0,33.0,36.571,6356.097,52.259,45.829,368.644,1.87,2.073,,,,,,,,,256212.0,2236.0,14.522,0.127,2349.0,0.133,,,people tested,70.83,17643060.0,66.939,28.1,7.104,4.458,10581.936,3.6,140.448,5.55,2.0,12.3,80.635,1.5,77.01,0.752
ECU,South America,Ecuador,2020-08-30,112906.0,765.0,831.0,6537.0,33.0,37.143,6399.457,43.36,47.101,370.514,1.87,2.105,,,,,,,,,258266.0,2054.0,14.638,0.116,2307.0,0.131,,,people tested,70.83,17643060.0,66.939,28.1,7.104,4.458,10581.936,3.6,140.448,5.55,2.0,12.3,80.635,1.5,77.01,0.752
ECU,South America,Ecuador,2020-08-31,113648.0,742.0,839.857,6555.0,18.0,35.0,6441.513,42.056,47.603,371.534,1.02,1.984,,,,,,,,,258893.0,627.0,14.674,0.036,2208.0,0.125,,,people tested,70.83,17643060.0,66.939,28.1,7.104,4.458,10581.936,3.6,140.448,5.55,2.0,12.3,80.635,1.5,77.01,0.752
ECU,South America,Ecuador,2020-09-01,113767.0,119.0,782.571,6556.0,1.0,33.429,6448.258,6.745,44.356,371.591,0.057,1.895,,,,,,,,,260413.0,1520.0,14.76,0.086,2061.0,0.117,,,people tested,70.83,17643060.0,66.939,28.1,7.104,4.458,10581.936,3.6,140.448,5.55,2.0,12.3,80.635,1.5,77.01,0.752
ECU,South America,Ecuador,2020-09-02,114309.0,542.0,754.143,6571.0,15.0,29.0,6478.978,30.72,42.744,372.441,0.85,1.644,,,,,,,,,263241.0,2828.0,14.92,0.16,1970.0,0.112,,,people tested,70.83,17643060.0,66.939,28.1,7.104,4.458,10581.936,3.6,140.448,5.55,2.0,12.3,80.635,1.5,77.01,0.752
ECU,South America,Ecuador,2020-09-03,115457.0,1148.0,701.143,6619.0,48.0,29.857,6544.046,65.068,39.74,375.162,2.721,1.692,,,,,,,,,265640.0,2399.0,15.056,0.136,2015.0,0.114,,,people tested,70.83,17643060.0,66.939,28.1,7.104,4.458,10581.936,3.6,140.448,5.55,2.0,12.3,80.635,1.5,77.01,0.752
ECU,South America,Ecuador,2020-09-04,116360.0,903.0,734.429,6648.0,29.0,25.286,6595.228,51.182,41.627,376.805,1.644,1.433,,,,,,,,,267992.0,2352.0,15.19,0.133,2002.0,0.113,,,people tested,70.83,17643060.0,66.939,28.1,7.104,4.458,10581.936,3.6,140.448,5.55,2.0,12.3,80.635,1.5,77.01,0.752
ECU,South America,Ecuador,2020-09-05,117175.0,815.0,719.143,6674.0,26.0,24.286,6641.422,46.194,40.761,378.279,1.474,1.377,,,,,,,,,270618.0,2626.0,15.338,0.149,2058.0,0.117,,,people tested,70.83,17643060.0,66.939,28.1,7.104,4.458,10581.936,3.6,140.448,5.55,2.0,12.3,80.635,1.5,77.01,0.752
ECU,South America,Ecuador,2020-09-06,118045.0,870.0,734.143,6724.0,50.0,26.714,6690.733,49.311,41.611,381.113,2.834,1.514,,,,,,,,,272981.0,2363.0,15.472,0.134,2102.0,0.119,,,people tested,70.83,17643060.0,66.939,28.1,7.104,4.458,10581.936,3.6,140.448,5.55,2.0,12.3,80.635,1.5,77.01,0.752
ECU,South America,Ecuador,2020-09-07,109784.0,-8261.0,-552.0,10524.0,3800.0,567.0,6222.503,-468.229,-31.287,596.495,215.382,32.137,,,,,,,,,273730.0,749.0,15.515,0.042,2120.0,0.12,,,people tested,70.83,17643060.0,66.939,28.1,7.104,4.458,10581.936,3.6,140.448,5.55,2.0,12.3,80.635,1.5,77.01,0.752
ECU,South America,Ecuador,2020-09-08,110092.0,308.0,-525.0,10576.0,52.0,574.286,6239.961,17.457,-29.757,599.443,2.947,32.55,,,,,,,,,275241.0,1511.0,15.601,0.086,2118.0,0.12,,,people tested,70.83,17643060.0,66.939,28.1,7.104,4.458,10581.936,3.6,140.448,5.55,2.0,12.3,80.635,1.5,77.01,0.752
ECU,South America,Ecuador,2020-09-09,110757.0,665.0,-507.429,10627.0,51.0,579.429,6277.653,37.692,-28.761,602.333,2.891,32.842,,,,,,,,,278939.0,3698.0,15.81,0.21,2243.0,0.127,,,people tested,70.83,17643060.0,66.939,28.1,7.104,4.458,10581.936,3.6,140.448,5.55,2.0,12.3,80.635,1.5,77.01,0.752
ECU,South America,Ecuador,2020-09-10,112166.0,1409.0,-470.143,10701.0,74.0,583.143,6357.514,79.861,-26.647,606.527,4.194,33.052,,,,,,,,,281920.0,2981.0,15.979,0.169,2326.0,0.132,,,people tested,70.83,17643060.0,66.939,28.1,7.104,4.458,10581.936,3.6,140.448,5.55,2.0,12.3,80.635,1.5,77.01,0.752
ECU,South America,Ecuador,2020-09-11,113206.0,1040.0,-450.571,10749.0,48.0,585.857,6416.461,58.947,-25.538,609.248,2.721,33.206,,,,,,,,,286756.0,4836.0,16.253,0.274,2681.0,0.152,,,people tested,70.83,17643060.0,66.939,28.1,7.104,4.458,10581.936,3.6,140.448,5.55,2.0,12.3,80.635,1.5,77.01,0.752
ECU,South America,Ecuador,2020-09-12,114732.0,1526.0,-349.0,10836.0,87.0,594.571,6502.954,86.493,-19.781,614.179,4.931,33.7,,,,,,,,,290896.0,4140.0,16.488,0.235,2897.0,0.164,,,people tested,70.83,17643060.0,66.939,28.1,7.104,4.458,10581.936,3.6,140.448,5.55,2.0,12.3,80.635,1.5,77.01,0.752
ECU,South America,Ecuador,2020-09-13,116451.0,1719.0,-227.714,10864.0,28.0,591.429,6600.386,97.432,-12.907,615.766,1.587,33.522,,,,,,,,,294328.0,3432.0,16.682,0.195,3050.0,0.173,,,people tested,70.83,17643060.0,66.939,28.1,7.104,4.458,10581.936,3.6,140.448,5.55,2.0,12.3,80.635,1.5,77.01,0.752
ECU,South America,Ecuador,2020-09-14,118594.0,2143.0,1258.571,10903.0,39.0,54.143,6721.85,121.464,71.335,617.977,2.211,3.069,,,,,,,,,295374.0,1046.0,16.742,0.059,3092.0,0.175,,,people tested,48.61,17643060.0,66.939,28.1,7.104,4.458,10581.936,3.6,140.448,5.55,2.0,12.3,80.635,1.5,77.01,0.752
ECU,South America,Ecuador,2020-09-15,118911.0,317.0,1259.857,10922.0,19.0,49.429,6739.817,17.967,71.408,619.054,1.077,2.802,,,,,,,,,297387.0,2013.0,16.856,0.114,3164.0,0.179,,,people tested,48.61,17643060.0,66.939,28.1,7.104,4.458,10581.936,3.6,140.448,5.55,2.0,12.3,80.635,1.5,77.01,0.752
ECU,South America,Ecuador,2020-09-16,119553.0,642.0,1256.571,10963.0,41.0,48.0,6776.205,36.388,71.222,621.377,2.324,2.721,,,,,,,,,302597.0,5210.0,17.151,0.295,3380.0,0.192,,,people tested,48.61,17643060.0,66.939,28.1,7.104,4.458,10581.936,3.6,140.448,5.55,2.0,12.3,80.635,1.5,77.01,0.752
ECU,South America,Ecuador,2020-09-17,121525.0,1972.0,1337.0,10996.0,33.0,42.143,6887.977,111.772,75.781,623.248,1.87,2.389,,,,,,,,,308927.0,6330.0,17.51,0.359,3858.0,0.219,,,people tested,48.61,17643060.0,66.939,28.1,7.104,4.458,10581.936,3.6,140.448,5.55,2.0,12.3,80.635,1.5,77.01,0.752
ECU,South America,Ecuador,2020-09-18,122257.0,732.0,1293.0,11029.0,33.0,40.0,6929.467,41.489,73.287,625.118,1.87,2.267,,,,,,,,,313575.0,4648.0,17.773,0.263,3831.0,0.217,,,people tested,48.61,17643060.0,66.939,28.1,7.104,4.458,10581.936,3.6,140.448,5.55,2.0,12.3,80.635,1.5,77.01,0.752
ECU,South America,Ecuador,2020-09-19,124129.0,1872.0,1342.429,11044.0,15.0,29.714,7035.571,106.104,76.088,625.969,0.85,1.684,,,,,,,,,320239.0,6664.0,18.151,0.378,4192.0,0.238,,,people tested,48.61,17643060.0,66.939,28.1,7.104,4.458,10581.936,3.6,140.448,5.55,2.0,12.3,80.635,1.5,77.01,0.752
ECU,South America,Ecuador,2020-09-20,125620.0,1491.0,1309.857,11084.0,40.0,31.429,7120.08,84.509,74.242,628.236,2.267,1.781,,,,,,,,,323679.0,3440.0,18.346,0.195,4193.0,0.238,,,people tested,48.61,17643060.0,66.939,28.1,7.104,4.458,10581.936,3.6,140.448,5.55,2.0,12.3,80.635,1.5,77.01,0.752
ECU,South America,Ecuador,2020-09-21,126419.0,799.0,1117.857,11090.0,6.0,26.714,7165.367,45.287,63.36,628.576,0.34,1.514,,,,,,,,,324408.0,729.0,18.387,0.041,4148.0,0.235,,,people tested,48.61,17643060.0,66.939,28.1,7.104,4.458,10581.936,3.6,140.448,5.55,2.0,12.3,80.635,1.5,77.01,0.752
ECU,South America,Ecuador,2020-09-22,126711.0,292.0,1114.286,11095.0,5.0,24.714,7181.917,16.55,63.157,628.859,0.283,1.401,,,,,,,,,326943.0,2535.0,18.531,0.144,4222.0,0.239,,,people tested,48.61,17643060.0,66.939,28.1,7.104,4.458,10581.936,3.6,140.448,5.55,2.0,12.3,80.635,1.5,77.01,0.752
ECU,South America,Ecuador,2020-09-23,127643.0,932.0,1155.714,11126.0,31.0,23.286,7234.743,52.825,65.505,630.616,1.757,1.32,,,,,,,,,333088.0,6145.0,18.879,0.348,4356.0,0.247,,,people tested,48.61,17643060.0,66.939,28.1,7.104,4.458,10581.936,3.6,140.448,5.55,2.0,12.3,80.635,1.5,77.01,0.752
ECU,South America,Ecuador,2020-09-24,129892.0,2249.0,1195.286,11171.0,45.0,25.0,7362.215,127.472,67.748,633.167,2.551,1.417,,,,,,,,,337427.0,4339.0,19.125,0.246,4071.0,0.231,,,people tested,48.61,17643060.0,66.939,28.1,7.104,4.458,10581.936,3.6,140.448,5.55,2.0,12.3,80.635,1.5,77.01,0.752
ECU,South America,Ecuador,2020-09-25,131146.0,1254.0,1269.857,11213.0,42.0,26.286,7433.291,71.076,71.975,635.547,2.381,1.49,,,,,,,,,341824.0,4397.0,19.374,0.249,4036.0,0.229,,,people tested,48.61,17643060.0,66.939,28.1,7.104,4.458,10581.936,3.6,140.448,5.55,2.0,12.3,80.635,1.5,77.01,0.752
ECU,South America,Ecuador,2020-09-26,132475.0,1329.0,1192.286,11236.0,23.0,27.429,7508.618,75.327,67.578,636.851,1.304,1.555,,,,,,,,,347782.0,5958.0,19.712,0.338,3935.0,0.223,,,people tested,48.61,17643060.0,66.939,28.1,7.104,4.458,10581.936,3.6,140.448,5.55,2.0,12.3,80.635,1.5,77.01,0.752
ECU,South America,Ecuador,2020-09-27,133981.0,1506.0,1194.429,11273.0,37.0,27.0,7593.977,85.359,67.7,638.948,2.097,1.53,,,,,,,,,350498.0,2716.0,19.866,0.154,3831.0,0.217,,,people tested,48.61,17643060.0,66.939,28.1,7.104,4.458,10581.936,3.6,140.448,5.55,2.0,12.3,80.635,1.5,77.01,0.752
ECU,South America,Ecuador,2020-09-28,134747.0,766.0,1189.714,11279.0,6.0,27.0,7637.394,43.417,67.432,639.288,0.34,1.53,,,,,,,,,351221.0,723.0,19.907,0.041,3830.0,0.217,,,people tested,48.61,17643060.0,66.939,28.1,7.104,4.458,10581.936,3.6,140.448,5.55,2.0,12.3,80.635,1.5,77.01,0.752
ECU,South America,Ecuador,2020-09-29,134965.0,218.0,1179.143,11280.0,1.0,26.429,7649.75,12.356,66.833,639.345,0.057,1.498,,,,,,,,,354601.0,3380.0,20.099,0.192,3951.0,0.224,,,people tested,48.61,17643060.0,66.939,28.1,7.104,4.458,10581.936,3.6,140.448,5.55,2.0,12.3,80.635,1.5,77.01,0.752
ECU,South America,Ecuador,2020-09-30,135749.0,784.0,1158.0,11312.0,32.0,26.571,7694.187,44.437,65.635,641.159,1.814,1.506,,,,,,,,,359918.0,5317.0,20.4,0.301,3833.0,0.217,,,people tested,48.61,17643060.0,66.939,28.1,7.104,4.458,10581.936,3.6,140.448,5.55,2.0,12.3,80.635,1.5,77.01,0.752
ECU,South America,Ecuador,2020-10-01,137047.0,1298.0,1022.143,11355.0,43.0,26.286,7767.757,73.57,57.935,643.596,2.437,1.49,,,,,,,,,365003.0,5085.0,20.688,0.288,3939.0,0.223,,,people tested,48.61,17643060.0,66.939,28.1,7.104,4.458,10581.936,3.6,140.448,5.55,2.0,12.3,80.635,1.5,77.01,0.752
ECU,South America,Ecuador,2020-10-02,138584.0,1537.0,1062.571,11433.0,78.0,31.429,7854.873,87.116,60.226,648.017,4.421,1.781,,,,,,,,,369546.0,4543.0,20.946,0.257,3960.0,0.224,,,people tested,48.61,17643060.0,66.939,28.1,7.104,4.458,10581.936,3.6,140.448,5.55,2.0,12.3,80.635,1.5,77.01,0.752
ECU,South America,Ecuador,2020-10-03,139534.0,950.0,1008.429,11495.0,62.0,37.0,7908.719,53.846,57.157,651.531,3.514,2.097,,,,,,,,,372814.0,3268.0,21.131,0.185,3576.0,0.203,,,people tested,48.61,17643060.0,66.939,28.1,7.104,4.458,10581.936,3.6,140.448,5.55,2.0,12.3,80.635,1.5,77.01,0.752
ECU,South America,Ecuador,2020-10-04,140351.0,817.0,910.0,11597.0,102.0,46.286,7955.026,46.307,51.578,657.312,5.781,2.623,,,,,,,,,375275.0,2461.0,21.27,0.139,3540.0,0.201,,,people tested,48.61,17643060.0,66.939,28.1,7.104,4.458,10581.936,3.6,140.448,5.55,2.0,12.3,80.635,1.5,77.01,0.752
ECU,South America,Ecuador,2020-10-05,141034.0,683.0,898.143,11647.0,50.0,52.571,7993.738,38.712,50.906,660.146,2.834,2.98,,,,,,,,,376295.0,1020.0,21.328,0.058,3582.0,0.203,,,people tested,48.61,17643060.0,66.939,28.1,7.104,4.458,10581.936,3.6,140.448,5.55,2.0,12.3,80.635,1.5,77.01,0.752
ECU,South America,Ecuador,2020-10-06,141339.0,305.0,910.571,11681.0,34.0,57.286,8011.025,17.287,51.611,662.073,1.927,3.247,,,,,,,,,378871.0,2576.0,21.474,0.146,3467.0,0.197,,,people tested,48.61,17643060.0,66.939,28.1,7.104,4.458,10581.936,3.6,140.448,5.55,2.0,12.3,80.635,1.5,77.01,0.752
ECU,South America,Ecuador,2020-10-07,142056.0,717.0,901.0,11702.0,21.0,55.714,8051.665,40.639,51.068,663.264,1.19,3.158,,,,,,,,,384086.0,5215.0,21.77,0.296,3453.0,0.196,,,people tested,48.61,17643060.0,66.939,28.1,7.104,4.458,10581.936,3.6,140.448,5.55,2.0,12.3,80.635,1.5,77.01,0.752
ECU,South America,Ecuador,2020-10-08,143531.0,1475.0,926.286,11743.0,41.0,55.429,8135.267,83.602,52.501,665.587,2.324,3.142,,,,,,,,,388866.0,4780.0,22.041,0.271,3409.0,0.193,,,people tested,48.61,17643060.0,66.939,28.1,7.104,4.458,10581.936,3.6,140.448,5.55,2.0,12.3,80.635,1.5,77.01,0.752
ECU,South America,Ecuador,2020-10-09,145045.0,1514.0,923.0,12141.0,398.0,101.143,8221.08,85.813,52.315,688.146,22.558,5.733,,,,,,,,,392634.0,3768.0,22.254,0.214,3298.0,0.187,,,people tested,48.61,17643060.0,66.939,28.1,7.104,4.458,10581.936,3.6,140.448,5.55,2.0,12.3,80.635,1.5,77.01,0.752
ECU,South America,Ecuador,2020-10-10,145848.0,803.0,902.0,12175.0,34.0,97.143,8266.593,45.514,51.125,690.073,1.927,5.506,,,,,,,,,398580.0,5946.0,22.591,0.337,3681.0,0.209,,,people tested,48.61,17643060.0,66.939,28.1,7.104,4.458,10581.936,3.6,140.448,5.55,2.0,12.3,80.635,1.5,77.01,0.752
ECU,South America,Ecuador,2020-10-11,146828.0,980.0,925.286,12188.0,13.0,84.429,8322.139,55.546,52.445,690.81,0.737,4.785,,,,,,,,,399621.0,1041.0,22.65,0.059,3478.0,0.197,,,people tested,48.61,17643060.0,66.939,28.1,7.104,4.458,10581.936,3.6,140.448,5.55,2.0,12.3,80.635,1.5,77.01,0.752
ECU,South America,Ecuador,2020-10-12,147033.0,205.0,857.0,12191.0,3.0,77.714,8333.758,11.619,48.574,690.98,0.17,4.405,,,,,,,,,400622.0,1001.0,22.707,0.057,3475.0,0.197,,,people tested,48.61,17643060.0,66.939,28.1,7.104,4.458,10581.936,3.6,140.448,5.55,2.0,12.3,80.635,1.5,77.01,0.752
ECU,South America,Ecuador,2020-10-13,147315.0,282.0,853.714,12218.0,27.0,76.714,8349.742,15.984,48.388,692.51,1.53,4.348,,,,,,,,,403402.0,2780.0,22.865,0.158,3504.0,0.199,,,people tested,48.61,17643060.0,66.939,28.1,7.104,4.458,10581.936,3.6,140.448,5.55,2.0,12.3,80.635,1.5,77.01,0.752
ECU,South America,Ecuador,2020-10-14,148171.0,856.0,873.571,12235.0,17.0,76.143,8398.26,48.518,49.514,693.474,0.964,4.316,,,,,,,,,407895.0,4493.0,23.119,0.255,3401.0,0.193,,,people tested,48.61,17643060.0,66.939,28.1,7.104,4.458,10581.936,3.6,140.448,5.55,2.0,12.3,80.635,1.5,77.01,0.752
ECU,South America,Ecuador,2020-10-15,149083.0,912.0,793.143,12264.0,29.0,74.429,8449.951,51.692,44.955,695.118,1.644,4.219,,,,,,,,,413062.0,5167.0,23.412,0.293,3457.0,0.196,,,people tested,48.61,17643060.0,66.939,28.1,7.104,4.458,10581.936,3.6,140.448,5.55,2.0,12.3,80.635,1.5,77.01,0.752
ECU,South America,Ecuador,2020-10-16,150360.0,1277.0,759.286,12306.0,42.0,23.571,8522.331,72.38,43.036,697.498,2.381,1.336,,,,,,,,,417618.0,4556.0,23.67,0.258,3569.0,0.202,,,people tested,48.61,17643060.0,66.939,28.1,7.104,4.458,10581.936,3.6,140.448,5.55,2.0,12.3,80.635,1.5,77.01,0.752
ECU,South America,Ecuador,2020-10-17,151659.0,1299.0,830.143,12357.0,51.0,26.0,8595.958,73.627,47.052,700.389,2.891,1.474,,,,,,,,,420518.0,2900.0,23.835,0.164,3134.0,0.178,,,people tested,50.0,17643060.0,66.939,28.1,7.104,4.458,10581.936,3.6,140.448,5.55,2.0,12.3,80.635,1.5,77.01,0.752
ECU,South America,Ecuador,2020-10-18,152422.0,763.0,799.143,12375.0,18.0,26.714,8639.204,43.246,45.295,701.409,1.02,1.514,,,,,,,,,424875.0,4357.0,24.082,0.247,3608.0,0.204,,,people tested,50.0,17643060.0,66.939,28.1,7.104,4.458,10581.936,3.6,140.448,5.55,2.0,12.3,80.635,1.5,77.01,0.752
ECU,South America,Ecuador,2020-10-19,153289.0,867.0,893.714,12387.0,12.0,28.0,8688.345,49.141,50.655,702.089,0.68,1.587,,,,,,,,,425441.0,566.0,24.114,0.032,3546.0,0.201,,,people tested,50.0,17643060.0,66.939,28.1,7.104,4.458,10581.936,3.6,140.448,5.55,2.0,12.3,80.635,1.5,77.01,0.752
ECU,South America,Ecuador,2020-10-20,153423.0,134.0,872.571,12395.0,8.0,25.286,8695.941,7.595,49.457,702.543,0.453,1.433,,,,,,,,,427572.0,2131.0,24.235,0.121,3453.0,0.196,,,people tested,50.0,17643060.0,66.939,28.1,7.104,4.458,10581.936,3.6,140.448,5.55,2.0,12.3,80.635,1.5,77.01,0.752
ECU,South America,Ecuador,2020-10-21,154115.0,692.0,849.143,12404.0,9.0,24.143,8735.163,39.222,48.129,703.053,0.51,1.368,,,,,,,,,433720.0,6148.0,24.583,0.348,3689.0,0.209,,,people tested,50.0,17643060.0,66.939,28.1,7.104,4.458,10581.936,3.6,140.448,5.55,2.0,12.3,80.635,1.5,77.01,0.752
ECU,South America,Ecuador,2020-10-22,155625.0,1510.0,934.571,12453.0,49.0,27.0,8820.749,85.586,52.971,705.83,2.777,1.53,,,,,,,,,438393.0,4673.0,24.848,0.265,3619.0,0.205,,,people tested,50.0,17643060.0,66.939,28.1,7.104,4.458,10581.936,3.6,140.448,5.55,2.0,12.3,80.635,1.5,77.01,0.752
ECU,South America,Ecuador,2020-10-23,156451.0,826.0,870.143,12500.0,47.0,27.714,8867.566,46.817,49.319,708.494,2.664,1.571,,,,,,,,,447814.0,9421.0,25.382,0.534,4314.0,0.245,,,people tested,50.0,17643060.0,66.939,28.1,7.104,4.458,10581.936,3.6,140.448,5.55,2.0,12.3,80.635,1.5,77.01,0.752
ECU,South America,Ecuador,2020-10-24,158270.0,1819.0,944.429,12528.0,28.0,24.429,8970.666,103.1,53.53,710.081,1.587,1.385,,,,,,,,,455177.0,7363.0,25.799,0.417,4951.0,0.281,,,people tested,50.0,17643060.0,66.939,28.1,7.104,4.458,10581.936,3.6,140.448,5.55,2.0,12.3,80.635,1.5,77.01,0.752
ECU,South America,Ecuador,2020-10-25,159614.0,1344.0,1027.429,12542.0,14.0,23.857,9046.843,76.177,58.234,710.874,0.794,1.352,,,,,,,,,465301.0,10124.0,26.373,0.574,5775.0,0.327,,,people tested,50.0,17643060.0,66.939,28.1,7.104,4.458,10581.936,3.6,140.448,5.55,2.0,12.3,80.635,1.5,77.01,0.752
ECU,South America,Ecuador,2020-10-26,161635.0,2021.0,1192.286,12553.0,11.0,23.714,9161.393,114.549,67.578,711.498,0.623,1.344,,,,,,,,,466722.0,1421.0,26.454,0.081,5897.0,0.334,,,people tested,50.0,17643060.0,66.939,28.1,7.104,4.458,10581.936,3.6,140.448,5.55,2.0,12.3,80.635,1.5,77.01,0.752
ECU,South America,Ecuador,2020-10-27,162178.0,543.0,1250.714,12573.0,20.0,25.429,9192.17,30.777,70.89,712.631,1.134,1.441,,,,,,,,,471279.0,4557.0,26.712,0.258,6244.0,0.354,,,people tested,50.0,17643060.0,66.939,28.1,7.104,4.458,10581.936,3.6,140.448,5.55,2.0,12.3,80.635,1.5,77.01,0.752
ECU,South America,Ecuador,2020-10-28,163192.0,1014.0,1296.714,12588.0,15.0,26.286,9249.643,57.473,73.497,713.482,0.85,1.49,,,,,,,,,477494.0,6215.0,27.064,0.352,6253.0,0.354,,,people tested,50.0,17643060.0,66.939,28.1,7.104,4.458,10581.936,3.6,140.448,5.55,2.0,12.3,80.635,1.5,77.01,0.752
ECU,South America,Ecuador,2020-10-29,164908.0,1716.0,1326.143,12608.0,20.0,22.143,9346.905,97.262,75.165,714.615,1.134,1.255,,,,,,,,,484451.0,6957.0,27.458,0.394,6580.0,0.373,,,people tested,,17643060.0,66.939,28.1,7.104,4.458,10581.936,3.6,140.448,5.55,2.0,12.3,80.635,1.5,77.01,0.752
ECU,South America,Ecuador,2020-10-30,166302.0,1394.0,1407.286,12622.0,14.0,17.429,9425.916,79.011,79.764,715.409,0.794,0.988,,,,,,,,,487897.0,3446.0,27.654,0.195,5726.0,0.325,,,people tested,,17643060.0,66.939,28.1,7.104,4.458,10581.936,3.6,140.448,5.55,2.0,12.3,80.635,1.5,77.01,0.752
ECU,South America,Ecuador,2020-10-31,167147.0,845.0,1268.143,12632.0,10.0,14.857,9473.81,47.894,71.878,715.976,0.567,0.842,,,,,,,,,493332.0,5435.0,27.962,0.308,5451.0,0.309,,,people tested,,17643060.0,66.939,28.1,7.104,4.458,10581.936,3.6,140.448,5.55,2.0,12.3,80.635,1.5,77.01,0.752
ECU,South America,Ecuador,2020-11-01,168192.0,1045.0,1225.429,12670.0,38.0,18.286,9533.04,59.23,69.457,718.129,2.154,1.036,,,,,,,,,497083.0,3751.0,28.174,0.213,4540.0,0.257,,,people tested,,17643060.0,66.939,28.1,7.104,4.458,10581.936,3.6,140.448,5.55,2.0,12.3,80.635,1.5,77.01,0.752
ECU,South America,Ecuador,2020-11-02,169194.0,1002.0,1079.857,12684.0,14.0,18.714,9589.833,56.793,61.206,718.923,0.794,1.061,,,,,,,,,,,,,,,,,,,17643060.0,66.939,28.1,7.104,4.458,10581.936,3.6,140.448,5.55,2.0,12.3,80.635,1.5,77.01,0.752
ECU,South America,Ecuador,2020-11-03,169562.0,368.0,1054.857,12692.0,8.0,17.0,9610.691,20.858,59.789,719.376,0.453,0.964,,,,,,,,,,,,,,,,,,,17643060.0,66.939,28.1,7.104,4.458,10581.936,3.6,140.448,5.55,2.0,12.3,80.635,1.5,77.01,0.752
ECU,South America,Ecuador,2020-11-04,170110.0,548.0,988.286,12698.0,6.0,15.714,9641.751,31.06,56.016,719.716,0.34,0.891,,,,,,,,,,,,,,,,,,,17643060.0,66.939,28.1,7.104,4.458,10581.936,3.6,140.448,5.55,2.0,12.3,80.635,1.5,77.01,0.752
